Workbook
Name _DLX1.USE: #REF!
Name _dlx10.use: #REF!
Name cur_scenario: #REF!
Name Data: #REF!
Name DLX1.USE: #REF!
Name FIPSCode: #REF!
Name Focus_Year: #REF!
Name location: #REF!
Name model_columns: #REF!
Name model_data: #REF!
Name model_rows: #REF!
Name scn_columns: #REF!
Name scn_data: #REF!
Name scn_rows: #REF!
Name variable: #REF!
Name vars: #REF!

Sheet tbl_model
B1: Sept 2026
B4: California tourism summary (millions) | Z4: California tourism summary (% change)
T5: Forecast >> | AQ5: Forecast >>
C6: 2009 | D6: =C6+1 -> 2010 | E6: =D6+1 -> 2011 | F6: =E6+1 -> 2012 | G6: =F6+1 -> 2013 | H6: =G6+1 -> 2014 | I6: =H6+1 -> 2015 | J6: =I6+1 -> 2016 | K6: =J6+1 -> 2017 | ... V6: =U6+1 -> 2028 | W6: 2029 | X6: 2030 | AA6: 2010 | AB6: =AA6+1 -> 2011 | AC6: =AB6+1 -> 2012 | AD6: =AC6+1 -> 2013 | AE6: =AD6+1 -> 2014 | AF6: =AE6+1 -> 2015 | AG6: =AF6+1 -> 2016 | AH6: =AG6+1 -> 2017 | AI6: =AH6+1 -> 2018 | ... AT6: =AS6+1 -> 2029 | AU6: 2030
B8: Total visits | C8: 194.93855 | D8: 212.57175 | E8: 222.81795 | F8: 229.73707 | G8: 243.08526 | H8: 251.38253 | I8: 263.88857 | J8: 268.8948 | K8: 273.59261 | L8: 281.47325 | M8: 285.56366 | N8: 140.64816 | O8: 213.43227 | P8: 259.09135 | Q8: 264.11571 | R8: 269.50542 | S8: 271.40346 | T8: 276.33704 | U8: 282.50112 | V8: 289.55266 | W8: 296.48398 | X8: 304.46597 | Z8: Total visits | AA8: =D8/C8-1 -> 0.090455167 | AB8: =E8/D8-1 -> 0.048201138 | AC8: =F8/E8-1 -> 0.031052794 | AD8: =G8/F8-1 -> 0.058102026 | AE8: =H8/G8-1 -> 0.034133143 | AF8: =I8/H8-1 -> 0.049749067 | AG8: =J8/I8-1 -> 0.018970987 | AH8: =K8/J8-1 -> 0.0174708 | ... AU8: =X8/W8-1 -> 0.026922179
B9: Business | C9: 47.646984 | D9: 47.39618 | E9: 48.294479 | F9: 46.216906 | G9: 46.715396 | H9: 46.529859 | I9: 48.014879 | J9: 48.422002 | K9: 49.092414 | L9: 50.925728 | M9: 50.964658 | N9: 16.940475 | O9: 25.84656 | P9: 39.964087 | Q9: 41.575147 | R9: 44.199676 | S9: 44.320417 | T9: 45.419953 | U9: 47.070019 | V9: 47.991488 | W9: 49.399006 | X9: 50.968475 | Z9: Business | AA9: =D9/C9-1 -> -0.0052638039 | AB9: =E9/D9-1 -> 0.018952981 | AC9: =F9/E9-1 -> -0.043018847 | AD9: =G9/F9-1 -> 0.010785865 | AE9: =H9/G9-1 -> -0.0039716413 | AF9: =I9/H9-1 -> 0.03191543 | AG9: =J9/I9-1 -> 0.0084791069 | AH9: =K9/J9-1 -> 0.013845188 | ... AU9: =X9/W9-1 -> 0.031771266
B10: Leisure | C10: 147.29157 | D10: 165.17557 | E10: 174.523 | F10: 183.52017 | G10: 196.36987 | H10: 204.85267 | I10: 215.87369 | J10: 220.4728 | K10: 224.50019 | L10: 230.54753 | M10: 234.599 | N10: 123.70769 | O10: 187.58571 | P10: 219.12726 | Q10: 222.54057 | R10: 225.30574 | S10: 227.08304 | T10: 230.91708 | U10: 235.4311 | V10: 241.56117 | W10: 247.08497 | X10: 253.4975 | Z10: Leisure | AA10: =D10/C10-1 -> 0.12141906 | AB10: =E10/D10-1 -> 0.056590864 | AC10: =F10/E10-1 -> 0.051552894 | AD10: =G10/F10-1 -> 0.070017918 | AE10: =H10/G10-1 -> 0.043198078 | AF10: =I10/H10-1 -> 0.053799767 | AG10: =J10/I10-1 -> 0.021304604 | AH10: =K10/J10-1 -> 0.018267086 | ... AU10: =X10/W10-1 -> 0.025952714
B12: Domestic | Z12: Domestic
B13: Total | C13: 182.782 | D13: 199.276 | E13: 208.615 | F13: 215.056 | G13: 227.17209 | H13: 234.84893 | I13: 246.31063 | J13: 251.08474 | K13: 256.10647 | L13: 263.27741 | M13: 268.10647 | N13: 136.90456 | O13: 208.29111 | P13: 247.33498 | Q13: 249.12128 | R13: 252.98901 | S13: 254.99637 | T13: 259.54198 | U13: 265.20869 | V13: 271.58769 | W13: 277.72022 | X13: 284.91771 | Z13: Total | AA13: =D13/C13-1 -> 0.090238648 | AB13: =E13/D13-1 -> 0.046864649 | AC13: =F13/E13-1 -> 0.03087505 | AD13: =G13/F13-1 -> 0.056339224 | AE13: =H13/G13-1 -> 0.033793072 | AF13: =I13/H13-1 -> 0.048804573 | AG13: =J13/I13-1 -> 0.019382466 | AH13: =K13/J13-1 -> 0.020000147 | ... AU13: =X13/W13-1 -> 0.025916351
B14: Business | C14: 44.243 | D14: 43.823 | E14: 44.234 | F14: 42.576 | G14: 42.92806 | H14: 43.04127 | I14: 44.2532 | J14: 44.68189 | K14: 45.17552 | L14: 47.1046 | M14: 47.35102 | N14: 16.113138 | O14: 25.219339 | P14: 38.247657 | Q14: 39.11204 | R14: 40.731231 | S14: 40.840473 | T14: 41.786476 | U14: 43.366352 | V14: 44.182253 | W14: 45.412442 | X14: 46.827695 | Z14: Business | AA14: =D14/C14-1 -> -0.0094930271 | AB14: =E14/D14-1 -> 0.0093786368 | AC14: =F14/E14-1 -> -0.03748248 | AD14: =G14/F14-1 -> 0.0082689778 | AE14: =H14/G14-1 -> 0.0026372028 | AF14: =I14/H14-1 -> 0.028157394 | AG14: =J14/I14-1 -> 0.0096872091 | AH14: =K14/J14-1 -> 0.011047653 | ... AU14: =X14/W14-1 -> 0.031164436
B15: Group | M15: 9.1669918 | N15: n/a | O15: n/a | P15: n/a | Q15: 6.3322125 | R15: 7.0836924 | S15: 7.2802583 | T15: 7.419098 | U15: 7.6611034 | V15: 7.8130459 | W15: 8.038619 | X15: 8.2974272 | Z15: Group | AM15: n/a | AN15: n/a | AO15: =R15/Q15-1 -> 0.11867572 | AP15: =S15/R15-1 -> 0.027749074 | AQ15: =T15/S15-1 -> 0.019070714 | AR15: =U15/T15-1 -> 0.032619256 | AS15: =V15/U15-1 -> 0.019832977 | AT15: =W15/V15-1 -> 0.028871338 | AU15: =X15/W15-1 -> 0.0321956
B16: Leisure | C16: 138.539 | D16: 155.453 | E16: 164.381 | F16: 172.48 | G16: 184.24403 | H16: 191.80766 | I16: 202.05743 | J16: 206.40285 | K16: 210.93095 | L16: 216.17281 | M16: 220.75545 | N16: 120.79142 | O16: 183.07177 | P16: 209.08732 | Q16: 210.00923 | R16: 212.25778 | S16: 214.15589 | T16: 217.7555 | U16: 221.84234 | V16: 227.40544 | W16: 232.30778 | X16: 238.09002 | Z16: Leisure | AA16: =D16/C16-1 -> 0.12208837 | AB16: =E16/D16-1 -> 0.057432149 | AC16: =F16/E16-1 -> 0.049269675 | AD16: =G16/F16-1 -> 0.068205173 | AE16: =H16/G16-1 -> 0.041052254 | AF16: =I16/H16-1 -> 0.053437761 | AG16: =J16/I16-1 -> 0.021505853 | AH16: =K16/J16-1 -> 0.021938175 | ... AU16: =X16/W16-1 -> 0.024890434
B18: Day | C18: 94.868755 | D18: 104.12634 | E18: 109.562 | F18: 113.258 | G18: 120.11861 | H18: 124.38664 | I18: 131.15424 | J18: 133.27975 | K18: 136.88782 | L18: 141.13786 | M18: 91.089508 | N18: 51.540479 | O18: 71.988052 | P18: 80.939038 | Q18: 82.210021 | R18: 86.028914 | S18: 87.216369 | T18: 88.258791 | U18: 90.09828 | V18: 92.086068 | W18: 94.348953 | X18: 96.982257 | Z18: Day | AA18: =D18/C18-1 -> 0.097583092 | AB18: =E18/D18-1 -> 0.052202542 | AC18: =F18/E18-1 -> 0.033734312 | AD18: =G18/F18-1 -> 0.060575038 | AE18: =H18/G18-1 -> 0.035531822 | AF18: =I18/H18-1 -> 0.054407776 | AG18: =J18/I18-1 -> 0.016206189 | AH18: =K18/J18-1 -> 0.027071418 | ... AU18: =X18/W18-1 -> 0.027910264
B19: Overnight | C19: 87.913246 | D19: 95.14966 | E19: 99.053 | F19: 101.798 | G19: 107.05348 | H19: 110.46229 | I19: 115.15639 | J19: 117.80499 | K19: 119.21865 | L19: 122.13951 | M19: 177.01696 | N19: 85.364076 | O19: 136.30306 | P19: 166.39594 | Q19: 166.91125 | R19: 166.9601 | S19: 167.78 | T19: 171.28319 | U19: 175.11041 | V19: 179.50162 | W19: 183.37127 | X19: 187.93546 | Z19: Overnight | AA19: =D19/C19-1 -> 0.082313126 | AB19: =E19/D19-1 -> 0.041023165 | AC19: =F19/E19-1 -> 0.027712437 | AD19: =G19/F19-1 -> 0.051626559 | AE19: =H19/G19-1 -> 0.031842119 | AF19: =I19/H19-1 -> 0.042495058 | AG19: =J19/I19-1 -> 0.023 | AH19: =K19/J19-1 -> 0.012 | ... AU19: =X19/W19-1 -> 0.024890434
B20: Paid accom. | C20: 61.63983 | D20: 64.9955 | E20: 67.58402 | F20: 69.35036 | G20: 72.35968 | H20: 74.56456 | I20: 77.14878 | J20: 78.833685 | K20: 79.858523 | L20: 82.310122 | M20: 119.46389 | N20: 72.753507 | O20: 97.853745 | P20: 111.10142 | Q20: 111.83054 | R20: 111.19543 | S20: 111.5737 | T20: 114.0746 | U20: 116.79865 | V20: 119.54808 | W20: 122.30863 | X20: 125.35295 | Z20: Paid accom. | AA20: =D20/C20-1 -> 0.054439962 | AB20: =E20/D20-1 -> 0.039826142 | AC20: =F20/E20-1 -> 0.026135468 | AD20: =G20/F20-1 -> 0.043392998 | AE20: =H20/G20-1 -> 0.030471113 | AF20: =I20/H20-1 -> 0.034657483 | AG20: =J20/I20-1 -> 0.021839684 | AH20: =K20/J20-1 -> 0.013 | ... AU20: =X20/W20-1 -> 0.024890434
B21: Unpaid accom. | C21: 26.273416 | D21: 30.15416 | E21: 31.46898 | F21: 32.44764 | G21: 34.6938 | H21: 35.89773 | I21: 38.007612 | J21: 38.971304 | K21: 39.360126 | L21: 39.829384 | M21: 57.553073 | N21: 12.610569 | O21: 38.449315 | P21: 55.294528 | Q21: 55.080714 | R21: 55.764673 | S21: 56.206299 | T21: 57.208584 | U21: 58.311767 | V21: 59.953542 | W21: 61.062631 | X21: 62.582507 | Z21: Unpaid accom. | AA21: =D21/C21-1 -> 0.14770611 | AB21: =E21/D21-1 -> 0.043603279 | AC21: =F21/E21-1 -> 0.031099197 | AD21: =G21/F21-1 -> 0.069224155 | AE21: =H21/G21-1 -> 0.03470158 | AF21: =I21/H21-1 -> 0.058774786 | AG21: =J21/I21-1 -> 0.025355237 | AH21: =K21/J21-1 -> 0.009977135 | ... AU21: =X21/W21-1 -> 0.024890434
B23: Gateway | E23: 96.677282 | F23: 99.253774 | G23: 104.23713 | H23: 106.70171 | I23: 110.43217 | J23: 111.882 | K23: 113.13434 | L23: 115.79551 | M23: 118.64161 | N23: 63.192316 | O23: 87.77371 | P23: 109.05094 | Q23: 111.83453 | R23: 114.35103 | S23: 115.03944 | T23: 117.46189 | U23: 119.83155 | V23: 122.83255 | W23: 125.67012 | X23: 128.92703 | Z23: Gateway | AC23: =F23/E23-1 -> 0.026650437 | AD23: =G23/F23-1 -> 0.050208189 | AE23: =H23/G23-1 -> 0.023644042 | AF23: =I23/H23-1 -> 0.03496153 | AG23: =J23/I23-1 -> 0.013128733 | AH23: =K23/J23-1 -> 0.011193386 | AI23: =L23/K23-1 -> 0.023522161 | AJ23: =M23/L23-1 -> 0.024578683 | ... AU23: =X23/W23-1 -> 0.025916351
B24: Rural/Other | E24: 111.93772 | F24: 115.80223 | G24: 122.93496 | H24: 128.14722 | I24: 135.87846 | J24: 139.20274 | K24: 142.97213 | L24: 147.4819 | M24: 149.46486 | N24: 73.712239 | O24: 120.5174 | P24: 138.28404 | Q24: 137.28675 | R24: 138.63798 | S24: 139.95693 | T24: 142.08009 | U24: 145.37715 | V24: 148.75514 | W24: 152.0501 | X24: 155.99068 | Z24: Rural/Other | AC24: =F24/E24-1 -> 0.034523723 | AD24: =G24/F24-1 -> 0.061594118 | AE24: =H24/G24-1 -> 0.042398481 | AF24: =I24/H24-1 -> 0.060330976 | AG24: =J24/I24-1 -> 0.024465047 | AH24: =K24/J24-1 -> 0.027078443 | AI24: =L24/K24-1 -> 0.03154302 | AJ24: =M24/L24-1 -> 0.013445441 | ... AU24: =X24/W24-1 -> 0.025916351
B26: Fly | C26: 28.463067 | D26: 27.121431 | E26: 23.499252 | F26: 30.820601 | G26: 28.153241 | H26: 29.135773 | I26: 30.251353 | J26: 32.234037 | K26: 33.392967 | L26: 35.543862 | M26: 54.649561 | N26: 17.43321 | O26: 41.770412 | P26: 49.714331 | Q26: 49.572643 | R26: 49.587149 | S26: 50.130543 | T26: 50.692522 | U26: 51.851117 | V26: 53.257574 | W26: 54.514605 | X26: 55.983352 | Z26: Fly | AA26: =D26/C26-1 -> -0.047136029 | AB26: =E26/D26-1 -> -0.13355413 | AC26: =F26/E26-1 -> 0.31155671 | AD26: =G26/F26-1 -> -0.08654471 | AE26: =H26/G26-1 -> 0.034899419 | AF26: =I26/H26-1 -> 0.038289012 | AG26: =J26/I26-1 -> 0.065540321 | AH26: =K26/J26-1 -> 0.035953636 | ... AU26: =X26/W26-1 -> 0.026942267
B27: Drive | C27: 154.31893 | D27: 172.15457 | E27: 185.11575 | F27: 184.2354 | G27: 199.01885 | H27: 205.71316 | I27: 216.05928 | J27: 218.8507 | K27: 222.7135 | L27: 227.73351 | M27: 213.45691 | N27: 119.47135 | O27: 166.5207 | P27: 197.62065 | Q27: 199.54863 | R27: 203.40186 | S27: 204.86582 | T27: 208.84946 | U27: 213.35758 | V27: 218.33012 | W27: 223.20561 | X27: 228.93436 | Z27: Drive | AA27: =D27/C27-1 -> 0.11557646 | AB27: =E27/D27-1 -> 0.075288033 | AC27: =F27/E27-1 -> -0.0047556784 | AD27: =G27/F27-1 -> 0.08024217 | AE27: =H27/G27-1 -> 0.033636568 | AF27: =I27/H27-1 -> 0.050293924 | AG27: =J27/I27-1 -> 0.012919714 | AH27: =K27/J27-1 -> 0.017650393 | ... AU27: =X27/W27-1 -> 0.025665786
B29: International | Z29: International
B30: Total | C30: 12.156553 | D30: 13.295751 | E30: 14.202952 | F30: 14.681073 | G30: 15.913174 | H30: 16.533596 | I30: 17.57794 | J30: 17.810059 | K30: 17.486135 | L30: 18.195846 | M30: 17.457189 | N30: 3.7436084 | O30: 5.1411541 | P30: 11.756367 | Q30: 14.99444 | R30: 16.516406 | S30: 16.407089 | T30: 16.795061 | U30: 17.292424 | V30: 17.964969 | W30: 18.763757 | X30: 19.548257 | Z30: Total | AA30: =D30/C30-1 -> 0.093710679 | AB30: =E30/D30-1 -> 0.06823236 | AC30: =F30/E30-1 -> 0.033663523 | AD30: =G30/F30-1 -> 0.083924457 | AE30: =H30/G30-1 -> 0.038987909 | AF30: =I30/H30-1 -> 0.063164983 | AG30: =J30/I30-1 -> 0.013205148 | AH30: =K30/J30-1 -> -0.018187727 | ... AU30: =X30/W30-1 -> 0.041809323
B31: Overseas | C31: 4.6695526 | D31: 5.5723216 | E31: 6.1449368 | F31: 6.069 | G31: 6.885 | H31: 7.294 | I31: 8.204 | J31: 8.35 | K31: 8.177 | L31: 8.533 | M31: 8.049 | N31: 1.335 | O31: 1.112 | P31: 4.455 | Q31: 6.282 | R31: 6.964 | S31: 6.616 | T31: 6.3678526 | U31: 6.5856762 | V31: 6.9358247 | W31: 7.3967461 | X31: 7.865921 | Z31: Overseas | AA31: =D31/C31-1 -> 0.19333094 | AB31: =E31/D31-1 -> 0.10276062 | AC31: =F31/E31-1 -> -0.012357621 | AD31: =G31/F31-1 -> 0.13445378 | AE31: =H31/G31-1 -> 0.059404503 | AF31: =I31/H31-1 -> 0.12476008 | AG31: =J31/I31-1 -> 0.017796197 | AH31: =K31/J31-1 -> -0.020718563 | ... AU31: =X31/W31-1 -> 0.063429901
B32: Mexico | C32: 6.254 | D32: 6.3674598 | E32: 6.5825151 | F32: 7.0690733 | G32: 7.4608169 | H32: 7.6145503 | I32: 7.7945064 | J32: 7.9182387 | K32: 7.6516776 | L32: 7.940748 | M32: 7.6765304 | N32: 2.0078325 | O32: 3.7189135 | P32: 5.9996565 | Q32: 6.9435304 | R32: 7.8261018 | S32: 8.4112547 | T32: 9.1373261 | U32: 9.3928568 | V32: 9.6637419 | W32: 9.9081521 | X32: 10.137294 | Z32: Mexico | AA32: =D32/C32-1 -> 0.018141957 | AB32: =E32/D32-1 -> 0.033774112 | AC32: =F32/E32-1 -> 0.073916762 | AD32: =G32/F32-1 -> 0.055416542 | AE32: =H32/G32-1 -> 0.020605438 | AF32: =I32/H32-1 -> 0.023633188 | AG32: =J32/I32-1 -> 0.015874296 | AH32: =K32/J32-1 -> -0.033664191 | ... AU32: =X32/W32-1 -> 0.023126614
B33: Canada | C33: 1.233 | D33: 1.35597 | E33: 1.4755 | F33: 1.543 | G33: 1.5673575 | H33: 1.6250455 | I33: 1.5794337 | J33: 1.5418207 | K33: 1.6574573 | L33: 1.7220981 | M33: 1.7316585 | N33: 0.4007759 | O33: 0.31024062 | P33: 1.3017107 | Q33: 1.7689094 | R33: 1.7263045 | S33: 1.3798342 | T33: 1.2898819 | U33: 1.3138914 | V33: 1.3654025 | W33: 1.4588591 | X33: 1.5450422 | Z33: Canada | AA33: =D33/C33-1 -> 0.09973236 | AB33: =E33/D33-1 -> 0.088150918 | AC33: =F33/E33-1 -> 0.045747204 | AD33: =G33/F33-1 -> 0.015785807 | AE33: =H33/G33-1 -> 0.036805898 | AF33: =I33/H33-1 -> -0.028068014 | AG33: =J33/I33-1 -> -0.023814232 | AH33: =K33/J33-1 -> 0.075000031 | ... AU33: =X33/W33-1 -> 0.059075687
B35: Business | C35: 3.4039845 | D35: 3.5731801 | E35: 4.060479 | F35: 3.6409062 | G35: 3.7873355 | H35: 3.4885887 | I35: 3.7616792 | J35: 3.7401125 | K35: 3.9168942 | L35: 3.8211277 | M35: 3.6136381 | N35: 0.82733746 | O35: 0.6272208 | P35: 1.7164296 | Q35: 2.4631072 | R35: 3.4684453 | S35: 3.4799436 | T35: 3.633477 | U35: 3.7036669 | V35: 3.8092345 | W35: 3.9865642 | X35: 4.14078 | Z35: Business | AA35: =D35/C35-1 -> 0.049705168 | AB35: =E35/D35-1 -> 0.13637682 | AC35: =F35/E35-1 -> -0.10333087 | AD35: =G35/F35-1 -> 0.040217825 | AE35: =H35/G35-1 -> -0.078880467 | AF35: =I35/H35-1 -> 0.078281073 | AG35: =J35/I35-1 -> -0.005733266 | AH35: =K35/J35-1 -> 0.047266424 | ... AU35: =X35/W35-1 -> 0.038683895
B36: Leisure | C36: 8.7525681 | D36: 9.7225716 | E36: 10.142 | F36: 11.040167 | G36: 12.125839 | H36: 13.045007 | I36: 13.816261 | J36: 14.069947 | K36: 13.569241 | L36: 14.374718 | M36: 13.843551 | N36: 2.9162709 | O36: 4.5139333 | P36: 10.039938 | Q36: 12.531333 | R36: 13.047961 | S36: 12.927145 | T36: 13.161584 | U36: 13.588758 | V36: 14.155735 | W36: 14.777193 | X36: 15.407477 | Z36: Leisure | AA36: =D36/C36-1 -> 0.11082501 | AB36: =E36/D36-1 -> 0.043139658 | AC36: =F36/E36-1 -> 0.088559172 | AD36: =G36/F36-1 -> 0.098338346 | AE36: =H36/G36-1 -> 0.075802442 | AF36: =I36/H36-1 -> 0.059122531 | AG36: =J36/I36-1 -> 0.018361408 | AH36: =K36/J36-1 -> -0.035586932 | ... AU36: =X36/W36-1 -> 0.042652495
B39: Total travel spending ($ billions) | Z39: Total travel spending ($ billions)
E40: 86.573464 | F40: =SUM(F41,F45) -> 108.91558 | G40: =SUM(G41,G45) -> 111.69229 | H40: =SUM(H41,H45) -> 117.37271 | I40: =SUM(I41,I45) -> 121.93314 | J40: =SUM(J41,J45) -> 126.4022 | K40: =SUM(K41,K45) -> 133.32007 | L40: =SUM(L41,L45) -> 140.34929 | M40: =SUM(M41,M45) -> 144.85065 | N40: =SUM(N41,N45) -> 68.255537 | O40: 105.02807 | P40: 142.50602 | Q40: 151.11481 | R40: 156.18957 | S40: 158.86462 | T40: 166.25502 | U40: 171.73652 | V40: 178.87832 | W40: 187.2233 | X40: 196.29329 | AC40: =F40/E40-1 -> 0.25807123 | AD40: =G40/F40-1 -> 0.025494097 | AE40: =H40/G40-1 -> 0.050857757 | AF40: =I40/H40-1 -> 0.038854316 | AG40: =J40/I40-1 -> 0.036651729 | AH40: =K40/J40-1 -> 0.054728987 | AI40: =L40/K40-1 -> 0.05272438 | AJ40: =M40/L40-1 -> 0.032072588 | ... AU40: =X40/W40-1 -> 0.048444737
B41: Domestic | E41: 86.573464 | F41: 89.64181 | G41: 89.737941 | H41: 94.16416 | I41: 96.377945 | J41: 99.966004 | K41: 106.37466 | L41: 111.7752 | M41: 116.71384 | N41: 62.955578 | O41: 99.854222 | P41: 124.92002 | Q41: 128.56607 | R41: 130.15426 | S41: 133.4499 | T41: 140.24956 | U41: 144.45231 | V41: 150.02783 | W41: 156.39702 | X41: 163.46185 | Z41: Domestic | AC41: =F41/E41-1 -> 0.035442108 | AD41: =G41/F41-1 -> 0.0010723954 | AE41: =H41/G41-1 -> 0.049323825 | AF41: =I41/H41-1 -> 0.02350985 | AG41: =J41/I41-1 -> 0.037229051 | AH41: =K41/J41-1 -> 0.064108329 | AI41: =L41/K41-1 -> 0.050769045 | AJ41: =M41/L41-1 -> 0.044183667 | ... AU41: =X41/W41-1 -> 0.045172435
B42: Business | M42: 28.4754 | N42: 10.245024 | O42: 16.7338 | P42: 26.386274 | Q42: 27.806056 | R42: 28.351607 | S42: 28.706106 | T42: 30.501767 | U42: 31.880928 | V42: 32.946302 | W42: 34.613149 | X42: 36.255019 | Z42: Business | AK42: =N42/M42-1 -> -0.64021491 | AL42: =O42/N42-1 -> 0.6333587 | AM42: =P42/O42-1 -> 0.576825 | AN42: =Q42/P42-1 -> 0.05380763 | AO42: =R42/Q42-1 -> 0.019619857 | AP42: =S42/R42-1 -> 0.012503662 | AQ42: =T42/S42-1 -> 0.062553281 | AR42: =U42/T42-1 -> 0.045215772 | ... AU42: =X42/W42-1 -> 0.047434883
B43: Group | M43: 5.5729759 | N43: n/a | O43: n/a | P43: n/a | Q43: 4.443111 | R43: 4.8713201 | S43: 5.0605907 | T43: 5.3609944 | U43: 5.5642281 | V43: 5.7501637 | W43: 6.053169 | X43: 6.340294 | Z43: Group | AM43: n/a | AN43: n/a | AO43: =R43/Q43-1 -> 0.09637597 | AP43: =S43/R43-1 -> 0.038854069 | AQ43: =T43/S43-1 -> 0.05936137 | AR43: =U43/T43-1 -> 0.037909713 | AS43: =V43/U43-1 -> 0.033416239 | AT43: =W43/V43-1 -> 0.052695076 | AU43: =X43/W43-1 -> 0.047433835
B44: Leisure | M44: 88.238436 | N44: 52.710554 | O44: 83.120422 | P44: 98.533748 | Q44: 100.76002 | R44: 101.80265 | S44: 104.7438 | T44: 109.74779 | U44: 112.57139 | V44: 117.08153 | W44: 121.78387 | X44: 127.20683 | Z44: Leisure | AK44: =N44/M44-1 -> -0.40263499 | AL44: =O44/N44-1 -> 0.57692181 | AM44: =P44/O44-1 -> 0.18543368 | AN44: =Q44/P44-1 -> 0.022593959 | AO44: =R44/Q44-1 -> 0.010347679 | AP44: =S44/R44-1 -> 0.028890686 | AQ44: =T44/S44-1 -> 0.047773651 | AR44: =U44/T44-1 -> 0.025728041 | ... AU44: =X44/W44-1 -> 0.044529407
B45: International | E45: 0 | F45: 19.273774 | G45: 21.954347 | H45: 23.208548 | I45: 25.555199 | J45: 26.4362 | K45: 26.945411 | L45: 28.574089 | M45: 28.136816 | N45: =N136 -> 5.2999588 | O45: 5.1738518 | P45: 17.585997 | Q45: 22.548739 | R45: 26.035312 | S45: 25.414717 | T45: 26.005467 | U45: 27.284209 | V45: 28.850495 | W45: 30.826288 | X45: 32.831438 | Z45: International | AD45: =G45/F45-1 -> 0.13907878 | AE45: =H45/G45-1 -> 0.057127672 | AF45: =I45/H45-1 -> 0.10111149 | AG45: =J45/I45-1 -> 0.034474438 | AH45: =K45/J45-1 -> 0.019261887 | AI45: =L45/K45-1 -> 0.06044362 | AJ45: =M45/L45-1 -> -0.015303138 | AK45: =N45/M45-1 -> -0.81163616 | ... AU45: =X45/W45-1 -> 0.065046742
B46: Business | M46: =M157 -> 6.5425468 | N46: =N157 -> 1.4002254 | O46: 0.77229638 | P46: 2.9103123 | Q46: 4.0809312 | R46: 5.8787734 | S46: 5.7909467 | T46: 6.0336626 | U46: 6.4869087 | V46: 6.7993604 | W46: 7.2776872 | X46: 7.7307786 | Z46: Business | AK46: =N46/M46-1 -> -0.7859816 | AL46: =O46/N46-1 -> -0.44844853 | AM46: =P46/O46-1 -> 2.7683878 | AN46: =Q46/P46-1 -> 0.40223139 | AO46: =R46/Q46-1 -> 0.44054704 | AP46: =S46/R46-1 -> -0.014939639 | AQ46: =T46/S46-1 -> 0.041912994 | AR46: =U46/T46-1 -> 0.075119568 | ... AU46: =X46/W46-1 -> 0.062257614
B47: Leisure | M47: =M158 -> 21.594269 | N47: =N158 -> 3.8997334 | O47: 4.4015554 | P47: 14.675685 | Q47: 18.467808 | R47: 20.156538 | S47: 19.623771 | T47: 19.971804 | U47: 20.797301 | V47: 22.051135 | W47: 23.548601 | X47: 25.100659 | Z47: Leisure | AK47: =N47/M47-1 -> -0.81940887 | AL47: =O47/N47-1 -> 0.12868111 | AM47: =P47/O47-1 -> 2.3342042 | AN47: =Q47/P47-1 -> 0.258395 | AO47: =R47/Q47-1 -> 0.091441834 | AP47: =S47/R47-1 -> -0.026431511 | AQ47: =T47/S47-1 -> 0.017735312 | AR47: =U47/T47-1 -> 0.041333085 | ... AU47: =X47/W47-1 -> 0.065908721
B49: Source: Tourism Economics; STR; Omnitrak (domestic); OAG (air traffic); NTTO (international); Dean Runyan (spending); VisaVue; BTS | Z49: Source: Tourism Economics; STR; Omnitrak (domestic); OAG (air traffic); NTTO (international); Dean Runyan (spending); VisaVue; BTS
B53: Annual domestic leisure trips to California (millions) | Z53: Annual domestic leisure trips to California (% change)
T54: Forecast >> | AQ54: Forecast >>
C55: 2009 | D55: =C55+1 -> 2010 | E55: =D55+1 -> 2011 | F55: =E55+1 -> 2012 | G55: =F55+1 -> 2013 | H55: =G55+1 -> 2014 | I55: =H55+1 -> 2015 | J55: =I55+1 -> 2016 | K55: =J55+1 -> 2017 | ... W55: =V55+1 -> 2029 | X55: 2030 | AA55: 2010 | AB55: =AA55+1 -> 2011 | AC55: =AB55+1 -> 2012 | AD55: =AC55+1 -> 2013 | AE55: =AD55+1 -> 2014 | AF55: =AE55+1 -> 2015 | AG55: =AF55+1 -> 2016 | AH55: =AG55+1 -> 2017 | AI55: =AH55+1 -> 2018 | ... AT55: =AS55+1 -> 2029 | AU55: 2030
B57: Total | C57: 138.539 | D57: 155.453 | E57: 164.381 | F57: 172.48 | G57: 184.24403 | H57: 191.80766 | I57: 202.05743 | J57: 206.40285 | K57: 210.93095 | L57: 216.17281 | M57: 220.75545 | N57: 120.79142 | O57: 183.07177 | P57: 209.08732 | Q57: 210.00923 | R57: 212.25778 | S57: 214.15589 | T57: 217.7555 | U57: 221.84234 | V57: 227.40544 | W57: 232.30778 | X57: 238.09002 | Z57: Total | AA57: =D57/C57-1 -> 0.12208837 | AB57: =E57/D57-1 -> 0.057432149 | AC57: =F57/E57-1 -> 0.049269675 | AD57: =G57/F57-1 -> 0.068205173 | AE57: =H57/G57-1 -> 0.041052254 | AF57: =I57/H57-1 -> 0.053437761 | AG57: =J57/I57-1 -> 0.021505853 | AH57: =K57/J57-1 -> 0.021938175 | ... AU57: =X57/W57-1 -> 0.024890434
B59: California | M59: 126.37305 | N59: 84.902831 | O59: 101.63179 | P59: 117.39065 | Q59: 117.43657 | R59: 118.3322 | S59: 118.90906 | T59: 120.82582 | U59: 123.1739 | V59: 126.29091 | W59: 128.8474 | X59: 131.86059 | Z59: California | AK59: =N59/M59-1 -> -0.32815714 | AL59: =O59/N59-1 -> 0.19703649 | AM59: =P59/O59-1 -> 0.15505839 | AN59: =Q59/P59-1 -> 0.00039120719 | AO59: =R59/Q59-1 -> 0.0076264544 | AP59: =S59/R59-1 -> 0.0048749568 | AQ59: =T59/S59-1 -> 0.016119536 | AR59: =U59/T59-1 -> 0.019433633 | ... AU59: =X59/W59-1 -> 0.023385736
B61: Western markets | M61: 41.106538 | N61: 13.995912 | O61: 35.554586 | P61: 40.257056 | Q61: 40.658114 | R61: 41.082533 | S61: 41.647535 | T61: 42.293709 | U61: 43.051254 | V61: 44.045798 | W61: 44.978184 | X61: 46.025532 | Z61: Western markets | AK61: =N61/M61-1 -> -0.65952103 | AL61: =O61/N61-1 -> 1.5403551 | AM61: =P61/O61-1 -> 0.13226057 | AN61: =Q61/P61-1 -> 0.0099624289 | AO61: =R61/Q61-1 -> 0.010438709 | AP61: =S61/R61-1 -> 0.013752863 | AQ61: =T61/S61-1 -> 0.015515294 | AR61: =U61/T61-1 -> 0.017911537 | ... AU61: =X61/W61-1 -> 0.023285688
B62: Arizona | M62: 12.319846 | N62: 3.8948975 | O62: 11.371159 | P62: 13.127959 | Q62: 13.265035 | R62: 13.311336 | S62: 13.489193 | T62: 13.773697 | U62: 14.011833 | V62: 14.304317 | W62: 14.602256 | X62: 14.89859 | Z62: Arizona | AK62: =N62/M62-1 -> -0.68385177 | AL62: =O62/N62-1 -> 1.9195015 | AM62: =P62/O62-1 -> 0.15449614 | AN62: =Q62/P62-1 -> 0.010441529 | AO62: =R62/Q62-1 -> 0.0034904709 | AP62: =S62/R62-1 -> 0.013361298 | AQ62: =T62/S62-1 -> 0.021091258 | AR62: =U62/T62-1 -> 0.017289181 | ... AU62: =X62/W62-1 -> 0.020293689
B63: Colorado | M63: 4.0578004 | N63: 1.3008609 | O63: 3.37521 | P63: 3.7744311 | Q63: 3.8288748 | R63: 3.857911 | S63: 3.8906221 | T63: 3.9535679 | U63: 4.0106732 | V63: 4.06958 | W63: 4.1327105 | X63: 4.2075203 | Z63: Colorado | AK63: =N63/M63-1 -> -0.67941724 | AL63: =O63/N63-1 -> 1.5945972 | AM63: =P63/O63-1 -> 0.11828037 | AN63: =Q63/P63-1 -> 0.014424325 | AO63: =R63/Q63-1 -> 0.0075834912 | AP63: =S63/R63-1 -> 0.0084789723 | AQ63: =T63/S63-1 -> 0.016178841 | AR63: =U63/T63-1 -> 0.014443995 | ... AU63: =X63/W63-1 -> 0.01810187
B64: Nevada | M64: 10.028679 | N64: 3.0784772 | O64: 7.9074531 | P64: 9.0225388 | Q64: 9.1110753 | R64: 9.2563826 | S64: 9.4049684 | T64: 9.4690031 | U64: 9.7328522 | V64: 9.9875205 | W64: 10.213372 | X64: 10.432003 | Z64: Nevada | AK64: =N64/M64-1 -> -0.69303262 | AL64: =O64/N64-1 -> 1.5686249 | AM64: =P64/O64-1 -> 0.14101704 | AN64: =Q64/P64-1 -> 0.0098128214 | AO64: =R64/Q64-1 -> 0.015948417 | AP64: =S64/R64-1 -> 0.016052254 | AQ64: =T64/S64-1 -> 0.0068086111 | AR64: =U64/T64-1 -> 0.027864502 | ... AU64: =X64/W64-1 -> 0.021406331
B65: Oregon | M65: 5.1999789 | N65: 2.1292247 | O65: 4.4957869 | P65: 5.0110298 | Q65: 5.0043885 | R65: 5.0483558 | S65: 5.0783051 | T65: 5.1294259 | U65: 5.1946339 | V65: 5.3257181 | W65: 5.4420354 | X65: 5.5971325 | Z65: Oregon | AK65: =N65/M65-1 -> -0.59053205 | AL65: =O65/N65-1 -> 1.1114666 | AM65: =P65/O65-1 -> 0.11460574 | AN65: =Q65/P65-1 -> -0.0013253362 | AO65: =R65/Q65-1 -> 0.0087857377 | AP65: =S65/R65-1 -> 0.0059324791 | AQ65: =T65/S65-1 -> 0.010066518 | AR65: =U65/T65-1 -> 0.012712525 | ... AU65: =X65/W65-1 -> 0.028499832
B66: Utah | M66: 3.4042088 | N66: 1.1147734 | O66: 3.0588835 | P66: 3.4234178 | Q66: 3.4588075 | R66: 3.5141316 | S66: 3.5785652 | T66: 3.6602643 | U66: 3.6936643 | V66: 3.7748291 | W66: 3.8507254 | X66: 3.9543049 | Z66: Utah | AK66: =N66/M66-1 -> -0.67253085 | AL66: =O66/N66-1 -> 1.743951 | AM66: =P66/O66-1 -> 0.11917237 | AN66: =Q66/P66-1 -> 0.010337537 | AO66: =R66/Q66-1 -> 0.015995114 | AP66: =S66/R66-1 -> 0.018335584 | AQ66: =T66/S66-1 -> 0.022830131 | AR66: =U66/T66-1 -> 0.0091250045 | ... AU66: =X66/W66-1 -> 0.026898701
B67: Washington | M67: 6.0960258 | N67: 2.4776785 | O67: 5.3460938 | P67: 5.8976794 | Q67: 5.9899329 | R67: 6.0944151 | S67: 6.205881 | T67: 6.3077502 | U67: 6.4075973 | V67: 6.5838337 | W67: 6.7370848 | X67: 6.9359819 | Z67: Washington | AK67: =N67/M67-1 -> -0.5935584 | AL67: =O67/N67-1 -> 1.1577028 | AM67: =P67/O67-1 -> 0.10317544 | AN67: =Q67/P67-1 -> 0.01564234 | AO67: =R67/Q67-1 -> 0.017442977 | AP67: =S67/R67-1 -> 0.01828984 | AQ67: =T67/S67-1 -> 0.016414946 | AR67: =U67/T67-1 -> 0.015829279 | ... AU67: =X67/W67-1 -> 0.029522727
B69: Rest of West | M69: 4.5841082 | N69: 1.7456203 | O69: 4.1527561 | P69: 4.6774409 | Q69: 4.7259034 | R69: 4.8044141 | S69: 4.8939136 | T69: 5.0018562 | U69: 5.1001127 | V69: 5.221029 | W69: 5.3422817 | X69: 5.4858102 | Z69: Rest of West | AK69: =N69/M69-1 -> -0.61920176 | AL69: =O69/N69-1 -> 1.3789573 | AM69: =P69/O69-1 -> 0.12634615 | AN69: =Q69/P69-1 -> 0.010360906 | AO69: =R69/Q69-1 -> 0.016612844 | AP69: =S69/R69-1 -> 0.018628591 | AQ69: =T69/S69-1 -> 0.022056505 | AR69: =U69/T69-1 -> 0.019644006 | ... AU69: =X69/W69-1 -> 0.026866527
B70: Idaho | M70: 1.8405804 | N70: 0.69918259 | O70: 1.6587187 | P70: 1.8769191 | Q70: 1.8818979 | R70: 1.9248964 | S70: 1.9503012 | T70: 1.9936489 | U70: 2.032336 | V70: 2.0793164 | W70: 2.1283311 | X70: 2.1826017 | Z70: Idaho | AK70: =N70/M70-1 -> -0.6201293 | AL70: =O70/N70-1 -> 1.3723684 | AM70: =P70/O70-1 -> 0.1315476 | AN70: =Q70/P70-1 -> 0.0026526548 | AO70: =R70/Q70-1 -> 0.022848473 | AP70: =S70/R70-1 -> 0.013198005 | AQ70: =T70/S70-1 -> 0.022226142 | AR70: =U70/T70-1 -> 0.019405166 | ... AU70: =X70/W70-1 -> 0.025499101
B71: Montana | M71: 1.3482338 | N71: 0.50147087 | O71: 1.2348021 | P71: 1.4061535 | Q71: 1.4348996 | R71: 1.4510715 | S71: 1.48725 | T71: 1.5055624 | U71: 1.5370594 | V71: 1.5749348 | W71: 1.6103995 | X71: 1.656094 | Z71: Montana | AK71: =N71/M71-1 -> -0.6280535 | AL71: =O71/N71-1 -> 1.4623605 | AM71: =P71/O71-1 -> 0.13876831 | AN71: =Q71/P71-1 -> 0.020443067 | AO71: =R71/Q71-1 -> 0.011270441 | AP71: =S71/R71-1 -> 0.024932223 | AQ71: =T71/S71-1 -> 0.012312935 | AR71: =U71/T71-1 -> 0.020920451 | ... AU71: =X71/W71-1 -> 0.028374625
B72: New Mexico | M72: 1.0223513 | N72: 0.377645 | O72: 0.92504638 | P72: 1.0209946 | Q72: 1.0325937 | R72: 1.0499469 | S72: 1.072782 | T72: 1.1104169 | U72: 1.1337463 | V72: 1.1595343 | W72: 1.1880278 | X72: 1.2206616 | Z72: New Mexico | AK72: =N72/M72-1 -> -0.63061131 | AL72: =O72/N72-1 -> 1.4495132 | AM72: =P72/O72-1 -> 0.10372261 | AN72: =Q72/P72-1 -> 0.011360561 | AO72: =R72/Q72-1 -> 0.016805484 | AP72: =S72/R72-1 -> 0.021748837 | AQ72: =T72/S72-1 -> 0.035081592 | AR72: =U72/T72-1 -> 0.021009577 | ... AU72: =X72/W72-1 -> 0.027468931
... B79: Rest of US | M79: 30.224115 | N79: 12.331009 | O79: 26.16724 | P79: 29.404193 | Q79: 29.60361 | R79: 30.185751 | S79: 30.561062 | T79: 31.23931 | U79: 31.625182 | V79: 32.454509 | W79: 33.281263 | X79: 34.279422 | Z79: Rest of US | AK79: =N79/M79-1 -> -0.59201421 | AL79: =O79/N79-1 -> 1.122068 | AM79: =P79/O79-1 -> 0.1237025 | AN79: =Q79/P79-1 -> 0.006781924 | AO79: =R79/Q79-1 -> 0.019664529 | AP79: =S79/R79-1 -> 0.012433356 | AQ79: =T79/S79-1 -> 0.022193233 | AR79: =U79/T79-1 -> 0.012352106 | ... AU79: =X79/W79-1 -> 0.029991609
B81: Source: Tourism Economics; STR; Omnitrak (domestic); OAG (air traffic); Dean Runyan (spending); VisaVue | Z81: Source: Tourism Economics; STR; Omnitrak (domestic); OAG (air traffic); Dean Runyan (spending); VisaVue
B85: Annual domestic travel spending in California (billions) | Z85: Annual domestic travel spending in California
T86: Forecast >> | AQ86: Forecast >>
C88: 2009 | D88: =C88+1 -> 2010 | E88: =D88+1 -> 2011 | F88: =E88+1 -> 2012 | G88: =F88+1 -> 2013 | H88: =G88+1 -> 2014 | I88: =H88+1 -> 2015 | J88: =I88+1 -> 2016 | K88: =J88+1 -> 2017 | ... W88: =V88+1 -> 2029 | X88: 2030 | AA88: 2010 | AB88: =AA88+1 -> 2011 | AC88: =AB88+1 -> 2012 | AD88: =AC88+1 -> 2013 | AE88: =AD88+1 -> 2014 | AF88: =AE88+1 -> 2015 | AG88: =AF88+1 -> 2016 | AH88: =AG88+1 -> 2017 | AI88: =AH88+1 -> 2018 | ... AT88: =AS88+1 -> 2029 | AU88: 2030
B90: California | M90: 25.293731 | N90: 16.041014 | O90: 23.850627 | P90: 28.164779 | Q90: 28.696959 | R90: 28.906196 | S90: 29.489942 | T90: 30.967084 | U90: 31.915891 | V90: 33.155171 | W90: 34.518234 | X90: 36.024539 | Z90: California | AK90: =N90/M90-1 -> -0.36581068 | AL90: =O90/N90-1 -> 0.48685283 | AM90: =P90/O90-1 -> 0.18088212 | AN90: =Q90/P90-1 -> 0.018895206 | AO90: =R90/Q90-1 -> 0.0072912854 | AP90: =S90/R90-1 -> 0.020194481 | AQ90: =T90/S90-1 -> 0.050089705 | AR90: =U90/T90-1 -> 0.030639203 | ... AU90: =X90/W90-1 -> 0.04363796
B91: Western markets | M91: 29.348697 | N91: 16.57223 | O91: 26.791459 | P91: 32.175693 | Q91: 32.78366 | R91: 33.188638 | S91: 34.063039 | T91: 35.747976 | U91: 36.788256 | V91: 38.134564 | W91: 39.738362 | X91: 41.468409 | Z91: Western markets | AK91: =N91/M91-1 -> -0.43533338 | AL91: =O91/N91-1 -> 0.61664785 | AM91: =P91/O91-1 -> 0.2009683 | AN91: =Q91/P91-1 -> 0.018895206 | AO91: =R91/Q91-1 -> 0.012353051 | AP91: =S91/R91-1 -> 0.026346408 | AQ91: =T91/S91-1 -> 0.049465262 | AR91: =U91/T91-1 -> 0.029100376 | ... AU91: =X91/W91-1 -> 0.043535932
B92: Rest of West | M92: 4.6480229 | N92: 2.6824345 | O92: 4.2742934 | P92: 5.0283557 | Q92: 5.1426429 | R92: 5.2061702 | S92: 5.3540101 | T92: 5.6550401 | U92: 5.8295088 | V92: 6.0464325 | W92: 6.3134046 | X92: 6.6113192 | Z92: Rest of West | AK92: =N92/M92-1 -> -0.42288698 | AL92: =O92/N92-1 -> 0.59343812 | AM92: =P92/O92-1 -> 0.176418 | AN92: =Q92/P92-1 -> 0.022728528 | AO92: =R92/Q92-1 -> 0.012353051 | AP92: =S92/R92-1 -> 0.02839705 | AQ92: =T92/S92-1 -> 0.056225154 | AR92: =U92/T92-1 -> 0.030851888 | ... AU92: =X92/W92-1 -> 0.047187633
B93: Rest of US | M93: 57.423385 | N93: 27.6599 | O93: 44.937842 | P93: 59.551193 | Q93: 61.942811 | R93: 62.853251 | S93: 64.542911 | T93: 67.879456 | U93: 69.918658 | V93: 72.691659 | W93: 75.827015 | X93: 79.357583 | Z93: Rest of US | AK93: =N93/M93-1 -> -0.51831645 | AL93: =O93/N93-1 -> 0.6246567 | AM93: =P93/O93-1 -> 0.32519033 | AN93: =Q93/P93-1 -> 0.040160698 | AO93: =R93/Q93-1 -> 0.014698073 | AP93: =S93/R93-1 -> 0.026882624 | AQ93: =T93/S93-1 -> 0.051694987 | AR93: =U93/T93-1 -> 0.030041513 | ... AU93: =X93/W93-1 -> 0.046560814
B100: Annual international trips to California (thousands) | Z100: Annual international trips to California (% change)
T101: Forecast >> | AQ101: Forecast >>
C102: 2009 | D102: =C102+1 -> 2010 | E102: =D102+1 -> 2011 | F102: =E102+1 -> 2012 | G102: =F102+1 -> 2013 | H102: =G102+1 -> 2014 | I102: =H102+1 -> 2015 | J102: =I102+1 -> 2016 | K102: =J102+1 -> 2017 | ... W102: =V102+1 -> 2029 | X102: 2030 | AA102: 2010 | AB102: =AA102+1 -> 2011 | AC102: =AB102+1 -> 2012 | AD102: =AC102+1 -> 2013 | AE102: =AD102+1 -> 2014 | AF102: =AE102+1 -> 2015 | AG102: =AF102+1 -> 2016 | AH102: =AG102+1 -> 2017 | AI102: =AH102+1 -> 2018 | ... AT102: =AS102+1 -> 2029 | AU102: 2030
B104: Total | C104: 12156.553 | D104: 13295.751 | E104: 14202.952 | F104: 14681.073 | G104: 15913.174 | H104: 16533.596 | I104: 17577.94 | J104: 17810.059 | K104: 17486.135 | L104: 18195.846 | M104: 17457.189 | N104: 3743.6084 | O104: 5141.1541 | P104: 11756.367 | Q104: 14994.44 | R104: 16516.406 | S104: 16407.089 | T104: 16795.061 | U104: 17292.424 | V104: 17964.969 | W104: 18763.757 | X104: 19548.257 | Z104: Total | AA104: =D104/C104-1 -> 0.093710679 | AB104: =E104/D104-1 -> 0.06823236 | AC104: =F104/E104-1 -> 0.033663523 | AD104: =G104/F104-1 -> 0.083924457 | AE104: =H104/G104-1 -> 0.038987909 | AF104: =I104/H104-1 -> 0.063164983 | AG104: =J104/I104-1 -> 0.013205148 | AH104: =K104/J104-1 -> -0.018187727 | ... AU104: =X104/W104-1 -> 0.041809323
B106: China | C106: 243.3423 | D106: 382.2652 | E106: 469.7164 | F106: 672 | G106: 866 | H106: 1025 | I106: 1088 | J106: 1308 | K106: 1159 | L106: 1140 | M106: 1032 | N106: 147 | O106: 71 | P106: 154 | Q106: 492 | R106: 647 | S106: 599 | T106: 610.26371 | U106: 677.12363 | V106: 757.67778 | W106: 845.14511 | X106: 934.59784 | Z106: China | AA106: =D106/C106-1 -> 0.57089499 | AB106: =E106/D106-1 -> 0.22877102 | AC106: =F106/E106-1 -> 0.43065049 | AD106: =G106/F106-1 -> 0.28869048 | AE106: =H106/G106-1 -> 0.18360277 | AF106: =I106/H106-1 -> 0.061463415 | AG106: =J106/I106-1 -> 0.20220588 | AH106: =K106/J106-1 -> -0.11391437 | ... AU106: =X106/W106-1 -> 0.10584304
B107: India | C107: 152.741 | D107: 182.0668 | E107: 184.1818 | F107: 187 | G107: 244 | H107: 247 | I107: 324 | J107: 311 | K107: 332 | L107: 413 | M107: 420 | N107: 90 | O107: 83 | P107: 323 | Q107: 480 | R107: 602 | S107: 666 | T107: 608.86141 | U107: 631.68046 | V107: 659.48599 | W107: 688.37126 | X107: 715.41631 | Z107: India | AA107: =D107/C107-1 -> 0.19199691 | AB107: =E107/D107-1 -> 0.011616615 | AC107: =F107/E107-1 -> 0.015301186 | AD107: =G107/F107-1 -> 0.30481283 | AE107: =H107/G107-1 -> 0.012295082 | AF107: =I107/H107-1 -> 0.31174089 | AG107: =J107/I107-1 -> -0.040123457 | AH107: =K107/J107-1 -> 0.067524116 | ... AU107: =X107/W107-1 -> 0.039288453
B108: Japan | C108: 438.8808 | D108: 523.4984 | E108: 548.4922 | F108: 523 | G108: 529 | H108: 541 | I108: 596 | J108: 546 | K108: 527 | L108: 548 | M108: 559 | N108: 104 | O108: 30 | P108: 129 | Q108: 344 | R108: 377 | S108: 410 | T108: 448.09605 | U108: 477.01938 | V108: 512.1501 | W108: 557.89985 | X108: 610.41823 | Z108: Japan | AA108: =D108/C108-1 -> 0.19280315 | AB108: =E108/D108-1 -> 0.047743794 | AC108: =F108/E108-1 -> -0.046476869 | AD108: =G108/F108-1 -> 0.011472275 | AE108: =H108/G108-1 -> 0.02268431 | AF108: =I108/H108-1 -> 0.10166359 | AG108: =J108/I108-1 -> -0.083892617 | AH108: =K108/J108-1 -> -0.034798535 | ... AU108: =X108/W108-1 -> 0.094135854
B109: South Korea | C109: 282.1748 | D109: 416.7824 | E109: 394.4218 | F109: 401 | G109: 420 | H109: 386 | I109: 440 | J109: 497 | K109: 559 | L109: 538 | M109: 485 | N109: 94 | O109: 55 | P109: 219 | Q109: 392 | R109: 435 | S109: 368 | T109: 324.0283 | U109: 352.13475 | V109: 389.57537 | W109: 439.68103 | X109: 487.99514 | Z109: South Korea | AA109: =D109/C109-1 -> 0.47703622 | AB109: =E109/D109-1 -> -0.053650538 | AC109: =F109/E109-1 -> 0.016678084 | AD109: =G109/F109-1 -> 0.047381546 | AE109: =H109/G109-1 -> -0.080952381 | AF109: =I109/H109-1 -> 0.13989637 | AG109: =J109/I109-1 -> 0.12954545 | AH109: =K109/J109-1 -> 0.12474849 | ... AU109: =X109/W109-1 -> 0.10988446
B110: Australia | C110: 361.8223 | D110: 494.3237 | E110: 550.2976 | F110: 530 | G110: 630 | H110: 644 | I110: 717 | J110: 666 | K110: 611 | L110: 607 | M110: 598 | N110: 86 | O110: 21 | P110: 253 | Q110: 411 | R110: 432 | S110: 410 | T110: 385.73261 | U110: 402.45 | V110: 425.68228 | W110: 464.17295 | X110: 501.09324 | Z110: Australia | AA110: =D110/C110-1 -> 0.36620573 | AB110: =E110/D110-1 -> 0.11323329 | AC110: =F110/E110-1 -> -0.036884769 | AD110: =G110/F110-1 -> 0.18867925 | AE110: =H110/G110-1 -> 0.022222222 | AF110: =I110/H110-1 -> 0.11335404 | AG110: =J110/I110-1 -> -0.071129707 | AH110: =K110/J110-1 -> -0.082582583 | ... AU110: =X110/W110-1 -> 0.079539932
B111: United Kingdom | C111: 591.3062 | D111: 610.2105 | E111: 655.6583 | F111: 656 | G111: 695 | H111: 653 | I111: 818 | J111: 799 | K111: 731 | L111: 809 | M111: 753 | N111: 121 | O111: 85 | P111: 588 | Q111: 629 | R111: 630 | S111: 599 | T111: 608.9988 | U111: 630.91674 | V111: 664.10523 | W111: 707.45063 | X111: 748.29401 | Z111: United Kingdom | AA111: =D111/C111-1 -> 0.031970407 | AB111: =E111/D111-1 -> 0.074478889 | AC111: =F111/E111-1 -> 0.00052115561 | AD111: =G111/F111-1 -> 0.05945122 | AE111: =H111/G111-1 -> -0.060431655 | AF111: =I111/H111-1 -> 0.25267994 | AG111: =J111/I111-1 -> -0.023227384 | AH111: =K111/J111-1 -> -0.085106383 | ... AU111: =X111/W111-1 -> 0.057733184
B112: Germany | C112: 337.9592 | D112: 380.2403 | E112: 408.5454 | F112: 397 | G112: 441 | H112: 467 | I112: 499 | J112: 453 | K112: 487 | L112: 490 | M112: 449 | N112: 59 | O112: 41 | P112: 351 | Q112: 421 | R112: 426 | S112: 384 | T112: 348.87323 | U112: 361.64332 | V112: 376.95728 | W112: 402.70382 | X112: 426.52984 | Z112: Germany | AA112: =D112/C112-1 -> 0.12510711 | AB112: =E112/D112-1 -> 0.074440032 | AC112: =F112/E112-1 -> -0.028259772 | AD112: =G112/F112-1 -> 0.11083123 | AE112: =H112/G112-1 -> 0.058956916 | AF112: =I112/H112-1 -> 0.068522484 | AG112: =J112/I112-1 -> -0.092184369 | AH112: =K112/J112-1 -> 0.075055188 | ... AU112: =X112/W112-1 -> 0.059165122
B113: France | C113: 275.3076 | D113: 377.5311 | E113: 445.0664 | F113: 385 | G113: 443 | H113: 459 | I113: 470 | J113: 459 | K113: 434 | L113: 473 | M113: 458 | N113: 63 | O113: 50 | P113: 356 | Q113: 412 | R113: 412 | S113: 404 | T113: 348.71227 | U113: 362.03435 | V113: 381.45555 | W113: 408.32762 | X113: 437.51859 | Z113: France | AA113: =D113/C113-1 -> 0.37130649 | AB113: =E113/D113-1 -> 0.17888672 | AC113: =F113/E113-1 -> -0.13496054 | AD113: =G113/F113-1 -> 0.15064935 | AE113: =H113/G113-1 -> 0.036117381 | AF113: =I113/H113-1 -> 0.023965142 | AG113: =J113/I113-1 -> -0.023404255 | AH113: =K113/J113-1 -> -0.054466231 | ... AU113: =X113/W113-1 -> 0.071489092
B114: Italy | C114: 135.9457 | D114: 192.8119 | E114: 185.3027 | F114: 153 | G114: 148 | H114: 181 | I114: 224 | J114: 218 | K114: 198 | L114: 234 | M114: 204 | N114: 20 | O114: 21 | P114: 148 | Q114: 175 | R114: 178 | S114: 187 | T114: 169.76221 | U114: 174.53833 | V114: 180.85266 | W114: 189.71573 | X114: 198.62869 | Z114: Italy | AA114: =D114/C114-1 -> 0.41830084 | AB114: =E114/D114-1 -> -0.038945729 | AC114: =F114/E114-1 -> -0.17432396 | AD114: =G114/F114-1 -> -0.032679739 | AE114: =H114/G114-1 -> 0.22297297 | AF114: =I114/H114-1 -> 0.23756906 | AG114: =J114/I114-1 -> -0.026785714 | AH114: =K114/J114-1 -> -0.091743119 | ... AU114: =X114/W114-1 -> 0.046980578
B115: Nordics | C115: 149.9162 | D115: 182.7603 | E115: 208.7913 | F115: 223 | G115: 242 | H115: 261 | I115: 323 | J115: 272 | K115: 320 | L115: 288 | M115: 243 | N115: 46 | O115: 22 | P115: 181 | Q115: 139 | R115: 188 | S115: 150 | T115: 136.26192 | U115: 146.3963 | V115: 160.85851 | W115: 177.77765 | X115: 196.38338 | Z115: Nordics | AA115: =D115/C115-1 -> 0.21908306 | AB115: =E115/D115-1 -> 0.14243246 | AC115: =F115/E115-1 -> 0.068052165 | AD115: =G115/F115-1 -> 0.085201794 | AE115: =H115/G115-1 -> 0.078512397 | AF115: =I115/H115-1 -> 0.23754789 | AG115: =J115/I115-1 -> -0.15789474 | AH115: =K115/J115-1 -> 0.17647059 | ... AU115: =X115/W115-1 -> 0.10465732
B116: Brazil | C116: 89.9697 | D116: 118.7371 | E116: 160.1877 | F116: 174 | G116: 183 | H116: 214 | I116: 203 | J116: 170 | K116: 206 | L116: 189 | M116: 193 | N116: 35 | O116: 19 | P116: 107 | Q116: 130 | R116: 185 | S116: 147 | T116: 149.47296 | U116: 153.92037 | V116: 159.2131 | W116: 165.96798 | X116: 173.56 | Z116: Brazil | AA116: =D116/C116-1 -> 0.31974543 | AB116: =E116/D116-1 -> 0.34909561 | AC116: =F116/E116-1 -> 0.086225721 | AD116: =G116/F116-1 -> 0.051724138 | AE116: =H116/G116-1 -> 0.16939891 | AF116: =I116/H116-1 -> -0.051401869 | AG116: =J116/I116-1 -> -0.16256158 | AH116: =K116/J116-1 -> 0.21176471 | ... AU116: =X116/W116-1 -> 0.045743925
... B119: Mexico | C119: 6254 | D119: 6367.4598 | E119: 6582.5151 | F119: 7069.0733 | G119: 7460.8169 | H119: 7614.5503 | I119: 7794.5064 | J119: 7918.2387 | K119: 7651.6776 | L119: 7940.748 | M119: 7676.5304 | N119: 2007.8325 | O119: 3718.9135 | P119: 5999.6565 | Q119: 6943.5304 | R119: 7826.1018 | S119: 8411.2547 | T119: 9137.3261 | U119: 9392.8568 | V119: 9663.7419 | W119: 9908.1521 | X119: 10137.294 | Z119: Mexico | AA119: =D119/C119-1 -> 0.018141957 | AB119: =E119/D119-1 -> 0.033774112 | AC119: =F119/E119-1 -> 0.073916762 | AD119: =G119/F119-1 -> 0.055416542 | AE119: =H119/G119-1 -> 0.020605438 | AF119: =I119/H119-1 -> 0.023633188 | AG119: =J119/I119-1 -> 0.015874296 | AH119: =K119/J119-1 -> -0.033664191 | ... AU119: =X119/W119-1 -> 0.023126614
B120: Land | C120: 0 | D120: 0 | E120: 6203.2054 | F120: 6606.0733 | G120: 6995.8169 | H120: 7065.5503 | I120: 7281.5064 | J120: 7432.2387 | K120: 7162.6776 | L120: 7361.748 | M120: 7137.5304 | N120: 1755.8325 | O120: 3082.9135 | P120: 5534.6565 | Q120: 6387.5304 | R120: 7215.1018 | S120: 7705.2547 | T120: 8286.6793 | U120: 8475.8291 | V120: 8716.7795 | W120: 8946.1769 | X120: 9150.3258 | Z120: Land | AC120: =F120/E120-1 -> 0.064945117 | AD120: =G120/F120-1 -> 0.058997771 | AE120: =H120/G120-1 -> 0.0099678709 | AF120: =I120/H120-1 -> 0.030564654 | AG120: =J120/I120-1 -> 0.020700703 | AH120: =K120/J120-1 -> -0.036269166 | AI120: =L120/K120-1 -> 0.027792735 | AJ120: =M120/L120-1 -> -0.030457114 | ... AU120: =X120/W120-1 -> 0.022819676
B121: Air | C121: 0 | D121: 0 | E121: 379.3097 | F121: 463 | G121: 465 | H121: 549 | I121: 513 | J121: 486 | K121: 489 | L121: 579 | M121: 539 | N121: 252 | O121: 636 | P121: 465 | Q121: 556 | R121: 611 | S121: 706 | T121: 850.64675 | U121: 917.0277 | V121: 946.9624 | W121: 961.97523 | X121: 986.96838 | Z121: Air | AC121: =F121/E121-1 -> 0.22063844 | AD121: =G121/F121-1 -> 0.0043196544 | AE121: =H121/G121-1 -> 0.18064516 | AF121: =I121/H121-1 -> -0.06557377 | AG121: =J121/I121-1 -> -0.052631579 | AH121: =K121/J121-1 -> 0.0061728395 | AI121: =L121/K121-1 -> 0.18404908 | AJ121: =M121/L121-1 -> -0.069084629 | ... AU121: =X121/W121-1 -> 0.025981076
B122: Rest of World | C122: 1490.3718 | D122: 1580.1357 | E122: 1777.917 | F122: 1679 | G122: 1943 | H122: 2081 | I122: 2356 | J122: 2490 | K122: 2509 | L122: 2698 | M122: 2562 | N122: 461 | O122: 571 | P122: 1577 | Q122: 2186 | R122: 2379.484 | S122: 2226.3313 | T122: 2173.0711 | U122: 2153.3526 | V122: 2196.4421 | W122: 2271.4323 | X122: 2353.5074 | Z122: Rest of World | AA122: =D122/C122-1 -> 0.060229199 | AB122: =E122/D122-1 -> 0.12516729 | AC122: =F122/E122-1 -> -0.055636455 | AD122: =G122/F122-1 -> 0.15723645 | AE122: =H122/G122-1 -> 0.071024189 | AF122: =I122/H122-1 -> 0.13214801 | AG122: =J122/I122-1 -> 0.056876061 | AH122: =K122/J122-1 -> 0.0076305221 | ... AU122: =X122/W122-1 -> 0.036133647
B125: Business | C125: 3403.9845 | D125: 3573.1801 | E125: 4060.479 | F125: 3640.9062 | G125: 3787.3355 | H125: 3488.5887 | I125: 3761.6792 | J125: 3740.1125 | K125: 3916.8942 | L125: 3821.1277 | M125: 3613.6381 | N125: 827.33746 | O125: 627.2208 | P125: 1716.4296 | Q125: 2463.1072 | R125: 3468.4453 | S125: 3479.9436 | T125: 3633.477 | U125: 3703.6669 | V125: 3809.2345 | W125: 3986.5642 | X125: 4140.78 | Z125: Business | AA125: =D125/C125-1 -> 0.049705168 | AB125: =E125/D125-1 -> 0.13637682 | AC125: =F125/E125-1 -> -0.10333087 | AD125: =G125/F125-1 -> 0.040217825 | AE125: =H125/G125-1 -> -0.078880467 | AF125: =I125/H125-1 -> 0.078281073 | AG125: =J125/I125-1 -> -0.005733266 | AH125: =K125/J125-1 -> 0.047266424 | ... AU125: =X125/W125-1 -> 0.038683895
B126: Leisure | C126: 8752.5681 | D126: 9722.5716 | E126: 10142 | F126: 11040.167 | G126: 12125.839 | H126: 13045.007 | I126: 13816.261 | J126: 14069.947 | K126: 13569.241 | L126: 14374.718 | M126: 13843.551 | N126: 2916.2709 | O126: 4513.9333 | P126: 10039.938 | Q126: 12531.333 | R126: 13047.961 | S126: 12927.145 | T126: 13161.584 | U126: 13588.758 | V126: 14155.735 | W126: 14777.193 | X126: 15407.477 | Z126: Leisure | AA126: =D126/C126-1 -> 0.11082501 | AB126: =E126/D126-1 -> 0.043139658 | AC126: =F126/E126-1 -> 0.088559172 | AD126: =G126/F126-1 -> 0.098338346 | AE126: =H126/G126-1 -> 0.075802442 | AF126: =I126/H126-1 -> 0.059122531 | AG126: =J126/I126-1 -> 0.018361408 | AH126: =K126/J126-1 -> -0.035586932 | ... AU126: =X126/W126-1 -> 0.042652495
B128: Source: NTTO; STR; OAG (air traffic); BTS; VisaVue; Tourism Economics | Z128: Source: NTTO; STR; OAG (air traffic); BTS; VisaVue; Tourism Economics
B131: Annual international travel spending in California (billions) | Z131: Annual international travel spending in California (% change)
T132: Forecast >> | AQ132: Forecast >>
C134: 2009 | D134: =C134+1 -> 2010 | E134: =D134+1 -> 2011 | F134: =E134+1 -> 2012 | G134: =F134+1 -> 2013 | H134: =G134+1 -> 2014 | I134: =H134+1 -> 2015 | J134: =I134+1 -> 2016 | K134: =J134+1 -> 2017 | ... W134: =V134+1 -> 2029 | X134: 2030 | AA134: 2010 | AB134: =AA134+1 -> 2011 | AC134: =AB134+1 -> 2012 | AD134: =AC134+1 -> 2013 | AE134: =AD134+1 -> 2014 | AF134: =AE134+1 -> 2015 | AG134: =AF134+1 -> 2016 | AH134: =AG134+1 -> 2017 | AI134: =AH134+1 -> 2018 | ... AT134: =AS134+1 -> 2029 | AU134: 2030
B136: Total | F136: 19.273774 | G136: 21.954347 | H136: 23.208548 | I136: 25.555199 | J136: 26.4362 | K136: 26.945411 | L136: 28.574089 | M136: 28.136816 | N136: 5.2999588 | O136: 5.1738518 | P136: 17.585997 | Q136: 22.548739 | R136: 26.035312 | S136: 25.414717 | T136: 26.005467 | U136: 27.284209 | V136: 28.850495 | W136: 30.826288 | X136: 32.831438 | Z136: Total | AD136: =G136/F136-1 -> 0.13907878 | AE136: =H136/G136-1 -> 0.057127672 | AF136: =I136/H136-1 -> 0.10111149 | AG136: =J136/I136-1 -> 0.034474438 | AH136: =K136/J136-1 -> 0.019261887 | AI136: =L136/K136-1 -> 0.06044362 | AJ136: =M136/L136-1 -> -0.015303138 | AK136: =N136/M136-1 -> -0.81163616 | ... AU136: =X136/W136-1 -> 0.065046742
B138: China | F138: 1.9401891 | G138: 2.4410825 | H138: 2.8408318 | I138: 2.8538142 | J138: 3.2912062 | K138: 3.0971598 | L138: 3.0201992 | M138: 2.6930254 | N138: 0.45238248 | O138: 0.11814907 | P138: 0.45926238 | Q138: 1.4241051 | R138: 1.9779325 | S138: 1.8538121 | T138: 2.0408415 | U138: 2.2365282 | V138: 2.4611569 | W138: 2.7048946 | X138: 2.9803381 | Z138: China | AD138: =G138/F138-1 -> 0.25816731 | AE138: =H138/G138-1 -> 0.16375902 | AF138: =I138/H138-1 -> 0.0045699184 | AG138: =J138/I138-1 -> 0.15326575 | AH138: =K138/J138-1 -> -0.05895904 | AI138: =L138/K138-1 -> -0.024848764 | AJ138: =M138/L138-1 -> -0.10832857 | AK138: =N138/M138-1 -> -0.832017 | ... AU138: =X138/W138-1 -> 0.1018315
B139: India | F139: 0.43391409 | G139: 0.53838735 | H139: 0.55778741 | I139: 0.79266917 | J139: 0.82443935 | K139: 0.96652716 | L139: 1.2104611 | M139: 1.3212902 | N139: 0.29546258 | O139: 0.24045159 | P139: 0.86029227 | Q139: 1.2054998 | R139: 1.5436451 | S139: 1.7258235 | T139: 1.659739 | U139: 1.7460454 | V139: 1.8411578 | W139: 1.9530546 | X139: 2.055023 | Z139: India | AD139: =G139/F139-1 -> 0.24076944 | AE139: =H139/G139-1 -> 0.03603365 | AF139: =I139/H139-1 -> 0.42109549 | AG139: =J139/I139-1 -> 0.040080001 | AH139: =K139/J139-1 -> 0.17234477 | AI139: =L139/K139-1 -> 0.25238188 | AJ139: =M139/L139-1 -> 0.09155944 | AK139: =N139/M139-1 -> -0.77638328 | ... AU139: =X139/W139-1 -> 0.052209696
B140: Japan | F140: 1.1787782 | G140: 1.2335835 | H140: 1.3573376 | I140: 1.5693766 | J140: 1.3788985 | K140: 1.3749614 | L140: 1.4001368 | M140: 1.3783334 | N140: 0.26810488 | O140: 0.071734001 | P140: 0.36725375 | Q140: 0.82230499 | R140: 0.88887373 | S140: 1.0206092 | T140: 1.1305049 | U140: 1.2084215 | V140: 1.3086336 | W140: 1.4428424 | X140: 1.5997027 | Z140: Japan | AD140: =G140/F140-1 -> 0.046493325 | AE140: =H140/G140-1 -> 0.10032079 | AF140: =I140/H140-1 -> 0.15621682 | AG140: =J140/I140-1 -> -0.1213718 | AH140: =K140/J140-1 -> -0.0028552731 | AI140: =L140/K140-1 -> 0.018309935 | AJ140: =M140/L140-1 -> -0.01557233 | AK140: =N140/M140-1 -> -0.8054862 | ... AU140: =X140/W140-1 -> 0.1087162
B141: South Korea | F141: 1.0192239 | G141: 1.1619588 | H141: 1.1532798 | I141: 1.1504813 | J141: 1.2275769 | K141: 1.3963136 | L141: 1.3499331 | M141: 1.1674273 | N141: 0.2684236 | O141: 0.096428181 | P141: 0.60821445 | Q141: 0.95243025 | R141: 1.0426859 | S141: 0.91643992 | T141: 0.81350532 | U141: 0.89152181 | V141: 0.99857973 | W141: 1.1380502 | X141: 1.2792713 | Z141: South Korea | AD141: =G141/F141-1 -> 0.14004276 | AE141: =H141/G141-1 -> -0.0074693134 | AF141: =I141/H141-1 -> -0.0024265328 | AG141: =J141/I141-1 -> 0.067011546 | AH141: =K141/J141-1 -> 0.13745512 | AI141: =L141/K141-1 -> -0.033216349 | AJ141: =M141/L141-1 -> -0.13519624 | AK141: =N141/M141-1 -> -0.77007252 | ... AU141: =X141/W141-1 -> 0.12409037
B142: Australia | F142: 1.1116971 | G142: 1.337609 | H142: 1.2297671 | I142: 1.3755629 | J142: 1.2356839 | K142: 1.2370913 | L142: 1.2788956 | M142: 1.2620906 | N142: 0.19389968 | O142: 0.042202772 | P142: 0.74594441 | Q142: 1.2604396 | R142: 1.3345487 | S142: 1.2782437 | T142: 1.2979839 | U142: 1.3619844 | V142: 1.4583089 | W142: 1.6186893 | X142: 1.7647991 | Z142: Australia | AD142: =G142/F142-1 -> 0.20321354 | AE142: =H142/G142-1 -> -0.080622866 | AF142: =I142/H142-1 -> 0.11855561 | AG142: =J142/I142-1 -> -0.10168855 | AH142: =K142/J142-1 -> 0.0011389599 | AI142: =L142/K142-1 -> 0.033792414 | AJ142: =M142/L142-1 -> -0.013140195 | AK142: =N142/M142-1 -> -0.84636628 | ... AU142: =X142/W142-1 -> 0.090264256
B143: United Kingdom | F143: 1.0684685 | G143: 1.0961121 | H143: 1.0589648 | I143: 1.450812 | J143: 1.3867643 | K143: 1.3357541 | L143: 1.5342999 | M143: 1.4205196 | N143: 0.22871348 | O143: 0.15345484 | P143: 1.2272496 | Q143: 1.3214491 | R143: 1.3487874 | S143: 1.3140921 | T143: 1.3740034 | U143: 1.4355543 | V143: 1.5213689 | W143: 1.6427351 | X143: 1.7540611 | Z143: United Kingdom | AD143: =G143/F143-1 -> 0.025872188 | AE143: =H143/G143-1 -> -0.033890021 | AF143: =I143/H143-1 -> 0.37002851 | AG143: =J143/I143-1 -> -0.044146088 | AH143: =K143/J143-1 -> -0.036783625 | AI143: =L143/K143-1 -> 0.14863947 | AJ143: =M143/L143-1 -> -0.074157798 | AK143: =N143/M143-1 -> -0.83899308 | ... AU143: =X143/W143-1 -> 0.067768657
B144: Germany | F144: 0.83886578 | G144: 0.87295096 | H144: 0.94262586 | I144: 1.0906886 | J144: 0.93593204 | K144: 1.0544215 | L144: 1.0730978 | M144: 0.97679314 | N144: 0.1245849 | O144: 0.085532387 | P144: 0.82252278 | Q144: 0.98332457 | R144: 1.0116674 | S144: 0.94125232 | T144: 0.87659526 | U144: 0.92327068 | V144: 0.96879967 | W144: 1.042741 | X144: 1.1166122 | Z144: Germany | AD144: =G144/F144-1 -> 0.040632465 | AE144: =H144/G144-1 -> 0.079815368 | AF144: =I144/H144-1 -> 0.15707473 | AG144: =J144/I144-1 -> -0.14188883 | AH144: =K144/J144-1 -> 0.12660049 | AI144: =L144/K144-1 -> 0.017712404 | AJ144: =M144/L144-1 -> -0.089744563 | AK144: =N144/M144-1 -> -0.87245518 | ... AU144: =X144/W144-1 -> 0.070843373
B145: France | F145: 0.75176341 | G145: 0.91073065 | H145: 0.99649228 | I145: 1.1004956 | J145: 1.0427265 | K145: 1.0511648 | L145: 1.126725 | M145: 1.1466902 | N145: 0.14010399 | O145: 0.11479408 | P145: 0.98920728 | Q145: 1.049277 | R145: 1.0770153 | S145: 1.0905717 | T145: 0.97169938 | U145: 1.0227539 | V145: 1.0846244 | W145: 1.1658696 | X145: 1.2532083 | Z145: France | AD145: =G145/F145-1 -> 0.21145914 | AE145: =H145/G145-1 -> 0.094167942 | AF145: =I145/H145-1 -> 0.10436942 | AG145: =J145/I145-1 -> -0.052493681 | AH145: =K145/J145-1 -> 0.0080924522 | AI145: =L145/K145-1 -> 0.071882369 | AJ145: =M145/L145-1 -> 0.017719688 | AK145: =N145/M145-1 -> -0.87781879 | ... AU145: =X145/W145-1 -> 0.074912892
B146: Italy | F146: 0.34191311 | G146: 0.34843064 | H146: 0.35039716 | I146: 0.49411884 | J146: 0.46612341 | K146: 0.44265286 | L146: 0.58346094 | M146: 0.48003356 | N146: 0.051428299 | O146: 0.050620496 | P146: 0.38458612 | Q146: 0.41945093 | R146: 0.44027871 | S146: 0.47455794 | T146: 0.44397268 | U146: 0.46100177 | V146: 0.48377679 | W146: 0.51253189 | X146: 0.54176417 | Z146: Italy | AD146: =G146/F146-1 -> 0.019061953 | AE146: =H146/G146-1 -> 0.0056439168 | AF146: =I146/H146-1 -> 0.41016796 | AG146: =J146/I146-1 -> -0.056657281 | AH146: =K146/J146-1 -> -0.050352668 | AI146: =L146/K146-1 -> 0.31810048 | AJ146: =M146/L146-1 -> -0.17726531 | AK146: =N146/M146-1 -> -0.8928652 | ... AU146: =X146/W146-1 -> 0.057035036
B147: Nordics | F147: 0.48902508 | G147: 0.52849042 | H147: 0.57369856 | I147: 0.78105879 | J147: 0.58514415 | K147: 0.76494988 | L147: 0.74728172 | M147: 0.61715194 | N147: 0.13600177 | O147: 0.058580982 | P147: 0.50078274 | Q147: 0.34233233 | R147: 0.46474814 | S147: 0.37659771 | T147: 0.36042801 | U147: 0.39112319 | V147: 0.43364509 | W147: 0.48393871 | X147: 0.54043072 | Z147: Nordics | AD147: =G147/F147-1 -> 0.080702075 | AE147: =H147/G147-1 -> 0.085542025 | AF147: =I147/H147-1 -> 0.36144458 | AG147: =J147/I147-1 -> -0.25083212 | AH147: =K147/J147-1 -> 0.30728449 | AI147: =L147/K147-1 -> -0.023097144 | AJ147: =M147/L147-1 -> -0.17413751 | AK147: =N147/M147-1 -> -0.77963001 | ... AU147: =X147/W147-1 -> 0.11673381
B148: Brazil | F148: 0.45433547 | G148: 0.45633644 | H148: 0.52805532 | I148: 0.48994754 | J148: 0.40560035 | K148: 0.47230532 | L148: 0.40769927 | M148: 0.47543469 | N148: 0.073734813 | O148: 0.03707945 | P148: 0.29108199 | Q148: 0.35322587 | R148: 0.53295906 | S148: 0.43550745 | T148: 0.47728509 | U148: 0.49924251 | V148: 0.52175601 | W148: 0.5478263 | X148: 0.57879223 | Z148: Brazil | AD148: =G148/F148-1 -> 0.004404166 | AE148: =H148/G148-1 -> 0.15716228 | AF148: =I148/H148-1 -> -0.072166258 | AG148: =J148/I148-1 -> -0.17215555 | AH148: =K148/J148-1 -> 0.16445983 | AI148: =L148/K148-1 -> -0.13678875 | AJ148: =M148/L148-1 -> 0.16614065 | AK148: =N148/M148-1 -> -0.84491074 | ... AU148: =X148/W148-1 -> 0.05652508
... B154: Rest of World | F154: 3.7479766 | G154: 4.5050817 | H154: 4.7096622 | I154: 5.6844204 | J154: 6.9780521 | K154: 6.3888181 | L154: 7.2283815 | M154: 7.5647962 | N154: 1.2815764 | O154: 1.5135197 | P154: 4.3532057 | Q154: 4.5146751 | R154: 5.4880129 | S154: 5.3669179 | T154: 5.3928786 | U154: 5.4625925 | V154: 5.6453154 | W154: 5.9177508 | X154: 6.1984034 | Z154: Rest of World | AD154: =G154/F154-1 -> 0.20200368 | AE154: =H154/G154-1 -> 0.045411062 | AF154: =I154/H154-1 -> 0.20696988 | AG154: =J154/I154-1 -> 0.22757495 | AH154: =K154/J154-1 -> -0.084441049 | AI154: =L154/K154-1 -> 0.13141139 | AJ154: =M154/L154-1 -> 0.046540798 | AK154: =N154/M154-1 -> -0.83058679 | ... AU154: =X154/W154-1 -> 0.047425543
...

Sheet compare
D2: Current: Sept 2026 | S2: Previous: May 2026 | AH2: Current - Previous | AP2: % Difference, Current vs Previous
B3: California tourism summary (millions)
C5: 2024 | D5: 2025 | E5: 2026 | F5: 2027 | G5: 2028 | H5: 2029 | I5: 2030 | K5: 2025 | L5: 2026 | M5: 2027 | N5: 2028 | O5: 2029 | P5: 2030 | R5: 2024 | S5: 2025 | T5: 2026 | U5: 2027 | V5: 2028 | W5: 2029 | X5: 2030 | Z5: 2025 | AA5: 2026 | AB5: 2027 | AC5: 2028 | AD5: 2029 | AE5: 2030 | AG5: 2024 | AH5: 2025 | AI5: 2026 | AJ5: 2027 | AK5: 2028 | AL5: 2029 | AM5: 2030 | AO5: 2024 | AP5: 2025 | AQ5: 2026 | AR5: 2027 | AS5: 2028 | AT5: 2029 | AU5: 2030
B7: Total visits | C7: =tbl_model!R8 -> 269.50542 | D7: =tbl_model!S8 -> 271.40346 | E7: =tbl_model!T8 -> 276.33704 | F7: =tbl_model!U8 -> 282.50112 | G7: =tbl_model!V8 -> 289.55266 | H7: =tbl_model!W8 -> 296.48398 | I7: =tbl_model!X8 -> 304.46597 | K7: =D7/C7-1 -> 0.007042667 | L7: =E7/D7-1 -> 0.018178035 | M7: =F7/E7-1 -> 0.02230638 | N7: =G7/F7-1 -> 0.024961113 | O7: =H7/G7-1 -> 0.023938017 | P7: =I7/H7-1 -> 0.026922179 | R7: 269.50542 | S7: 271.40346 | T7: 275.48875 | U7: 282.48908 | V7: 289.156 | W7: 296.00454 | X7: 304.31472 | Z7: =S7/R7-1 -> 0.007042667 | AA7: =T7/S7-1 -> 0.01505249 | AB7: =U7/T7-1 -> 0.025410575 | AC7: =V7/U7-1 -> 0.023600609 | AD7: =W7/V7-1 -> 0.023684608 | AE7: =X7/W7-1 -> 0.028074492 | AG7: =C7-R7 -> 0 | AH7: =D7-S7 -> 0 | AI7: =E7-T7 -> 0.84828373 | AJ7: =F7-U7 -> 0.012035097 | AK7: =G7-V7 -> 0.39666294 | AL7: =H7-W7 -> 0.47943309 | AM7: =I7-X7 -> 0.15125059 | AO7: =C7/R7-1 -> 0 | AP7: =D7/S7-1 -> 0 | AQ7: =E7/T7-1 -> 0.0030791955 | AR7: =F7/U7-1 -> 4.2603759e-05 | AS7: =G7/V7-1 -> 0.0013717957 | AT7: =H7/W7-1 -> 0.0016196815 | AU7: =I7/X7-1 -> 0.00049702028
B8: Business | C8: =tbl_model!R9 -> 44.199676 | D8: =tbl_model!S9 -> 44.320417 | E8: =tbl_model!T9 -> 45.419953 | F8: =tbl_model!U9 -> 47.070019 | G8: =tbl_model!V9 -> 47.991488 | H8: =tbl_model!W9 -> 49.399006 | I8: =tbl_model!X9 -> 50.968475 | K8: =D8/C8-1 -> 0.0027317015 | L8: =E8/D8-1 -> 0.024808799 | M8: =F8/E8-1 -> 0.036329087 | N8: =G8/F8-1 -> 0.019576563 | O8: =H8/G8-1 -> 0.029328494 | P8: =I8/H8-1 -> 0.031771266 | R8: 44.199676 | S8: 44.320417 | T8: 44.742452 | U8: 46.522557 | V8: 47.370258 | W8: 48.74588 | X8: 50.349851 | Z8: =S8/R8-1 -> 0.0027317015 | AA8: =T8/S8-1 -> 0.0095223704 | AB8: =U8/T8-1 -> 0.039785597 | AC8: =V8/U8-1 -> 0.018221292 | AD8: =W8/V8-1 -> 0.029039775 | AE8: =X8/W8-1 -> 0.032904739 | AG8: =C8-R8 -> 0 | AH8: =D8-S8 -> 0 | AI8: =E8-T8 -> 0.6775009 | AJ8: =F8-U8 -> 0.54746116 | AK8: =G8-V8 -> 0.62122922 | AL8: =H8-W8 -> 0.6531256 | AM8: =I8-X8 -> 0.6186241 | AO8: =C8/R8-1 -> 0 | AP8: =D8/S8-1 -> 0 | AQ8: =E8/T8-1 -> 0.015142239 | AR8: =F8/U8-1 -> 0.01176765 | AS8: =G8/V8-1 -> 0.01311433 | AT8: =H8/W8-1 -> 0.013398581 | AU8: =I8/X8-1 -> 0.012286513
B9: Leisure | C9: =tbl_model!R10 -> 225.30574 | D9: =tbl_model!S10 -> 227.08304 | E9: =tbl_model!T10 -> 230.91708 | F9: =tbl_model!U10 -> 235.4311 | G9: =tbl_model!V10 -> 241.56117 | H9: =tbl_model!W10 -> 247.08497 | I9: =tbl_model!X10 -> 253.4975 | K9: =D9/C9-1 -> 0.0078883768 | L9: =E9/D9-1 -> 0.01688389 | M9: =F9/E9-1 -> 0.019548201 | N9: =G9/F9-1 -> 0.026037652 | O9: =H9/G9-1 -> 0.02286708 | P9: =I9/H9-1 -> 0.025952714 | R9: 225.30574 | S9: 227.08304 | T9: 230.7463 | U9: 235.96652 | V9: 241.78574 | W9: 247.25866 | X9: 253.96487 | Z9: =S9/R9-1 -> 0.0078883768 | AA9: =T9/S9-1 -> 0.016131818 | AB9: =U9/T9-1 -> 0.022623212 | AC9: =V9/U9-1 -> 0.024661181 | AD9: =W9/V9-1 -> 0.022635433 | AE9: =X9/W9-1 -> 0.027122231 | AG9: =C9-R9 -> 0 | AH9: =D9-S9 -> 0 | AI9: =E9-T9 -> 0.17078283 | AJ9: =F9-U9 -> -0.53542606 | AK9: =G9-V9 -> -0.22456628 | AL9: =H9-W9 -> -0.17369251 | AM9: =I9-X9 -> -0.46737351 | AO9: =C9/R9-1 -> 0 | AP9: =D9/S9-1 -> 0 | AQ9: =E9/T9-1 -> 0.00074013246 | AR9: =F9/U9-1 -> -0.0022690764 | AS9: =G9/V9-1 -> -0.00092878218 | AT9: =H9/W9-1 -> -0.00070247289 | AU9: =I9/X9-1 -> -0.0018403077
B11: Domestic
B12: Total | C12: =tbl_model!R13 -> 252.98901 | D12: =tbl_model!S13 -> 254.99637 | E12: =tbl_model!T13 -> 259.54198 | F12: =tbl_model!U13 -> 265.20869 | G12: =tbl_model!V13 -> 271.58769 | H12: =tbl_model!W13 -> 277.72022 | I12: =tbl_model!X13 -> 284.91771 | K12: =D12/C12-1 -> 0.0079345515 | L12: =E12/D12-1 -> 0.017826174 | M12: =F12/E12-1 -> 0.021833521 | N12: =G12/F12-1 -> 0.024052747 | O12: =H12/G12-1 -> 0.022580288 | P12: =I12/H12-1 -> 0.025916351 | R12: 252.98901 | S12: 254.99637 | T12: 258.68456 | U12: 265.03272 | V12: 270.96917 | W12: 277.08751 | X12: 284.66332 | Z12: =S12/R12-1 -> 0.0079345515 | AA12: =T12/S12-1 -> 0.014463715 | AB12: =U12/T12-1 -> 0.024540165 | AC12: =V12/U12-1 -> 0.022398935 | AD12: =W12/V12-1 -> 0.022579468 | AE12: =X12/W12-1 -> 0.027340835 | AG12: =C12-R12 -> 0 | AH12: =D12-S12 -> 0 | AI12: =E12-T12 -> 0.85741491 | AJ12: =F12-U12 -> 0.17596831 | AK12: =G12-V12 -> 0.6185152 | AL12: =H12-W12 -> 0.63270369 | AM12: =I12-X12 -> 0.25439429 | AO12: =C12/R12-1 -> 0 | AP12: =D12/S12-1 -> 0 | AQ12: =E12/T12-1 -> 0.003314519 | AR12: =F12/U12-1 -> 0.00066394936 | AS12: =G12/V12-1 -> 0.0022826035 | AT12: =H12/W12-1 -> 0.0022834074 | AU12: =I12/X12-1 -> 0.00089366725
B13: Business | C13: =tbl_model!R14 -> 40.731231 | D13: =tbl_model!S14 -> 40.840473 | E13: =tbl_model!T14 -> 41.786476 | F13: =tbl_model!U14 -> 43.366352 | G13: =tbl_model!V14 -> 44.182253 | H13: =tbl_model!W14 -> 45.412442 | I13: =tbl_model!X14 -> 46.827695 | K13: =D13/C13-1 -> 0.002682023 | L13: =E13/D13-1 -> 0.023163367 | M13: =F13/E13-1 -> 0.037808297 | N13: =G13/F13-1 -> 0.018814163 | O13: =H13/G13-1 -> 0.027843495 | P13: =I13/H13-1 -> 0.031164436 | R13: 40.731231 | S13: 40.840473 | T13: 41.213925 | U13: 42.893744 | V13: 43.627403 | W13: 44.844962 | X13: 46.309653 | Z13: =S13/R13-1 -> 0.002682023 | AA13: =T13/S13-1 -> 0.0091441541 | AB13: =U13/T13-1 -> 0.040758523 | AC13: =V13/U13-1 -> 0.017104114 | AD13: =W13/V13-1 -> 0.027908115 | AE13: =X13/W13-1 -> 0.032661215 | AG13: =C13-R13 -> 0 | AH13: =D13-S13 -> 0 | AI13: =E13-T13 -> 0.57255129 | AJ13: =F13-U13 -> 0.47260808 | AK13: =G13-V13 -> 0.5548502 | AL13: =H13-W13 -> 0.56747995 | AM13: =I13-X13 -> 0.51804211 | AO13: =C13/R13-1 -> 0 | AP13: =D13/S13-1 -> 0 | AQ13: =E13/T13-1 -> 0.013892181 | AR13: =F13/U13-1 -> 0.011018112 | AS13: =G13/V13-1 -> 0.012717929 | AT13: =H13/W13-1 -> 0.012654263 | AU13: =I13/X13-1 -> 0.011186482
B14: Group | C14: =tbl_model!R15 -> 7.0836924 | D14: =tbl_model!S15 -> 7.2802583 | E14: =tbl_model!T15 -> 7.419098 | F14: =tbl_model!U15 -> 7.6611034 | G14: =tbl_model!V15 -> 7.8130459 | H14: =tbl_model!W15 -> 8.038619 | I14: =tbl_model!X15 -> 8.2974272 | K14: =D14/C14-1 -> 0.027749074 | L14: =E14/D14-1 -> 0.019070714 | M14: =F14/E14-1 -> 0.032619256 | N14: =G14/F14-1 -> 0.019832977 | O14: =H14/G14-1 -> 0.028871338 | P14: =I14/H14-1 -> 0.0321956 | R14: 7.0836924 | S14: 7.2802583 | T14: 7.4202984 | U14: 7.6841251 | V14: 7.8233708 | W14: 8.049748 | X14: 8.3209752 | Z14: =S14/R14-1 -> 0.027749074 | AA14: =T14/S14-1 -> 0.019235596 | AB14: =U14/T14-1 -> 0.035554731 | AC14: =V14/U14-1 -> 0.018121219 | AD14: =W14/V14-1 -> 0.028936023 | AE14: =X14/W14-1 -> 0.033693877 | AG14: =C14-R14 -> 0 | AH14: =D14-S14 -> 0 | AI14: =E14-T14 -> -0.0012003845 | AJ14: =F14-U14 -> -0.02302164 | AK14: =G14-V14 -> -0.010324858 | AL14: =H14-W14 -> -0.011129006 | AM14: =I14-X14 -> -0.02354806 | AO14: =C14/R14-1 -> 0 | AP14: =D14/S14-1 -> 0 | AQ14: =E14/T14-1 -> -0.00016177038 | AR14: =F14/U14-1 -> -0.0029960001 | AS14: =G14/V14-1 -> -0.0013197455 | AT14: =H14/W14-1 -> -0.0013825284 | AU14: =I14/X14-1 -> -0.0028299639
B15: Leisure | C15: =tbl_model!R16 -> 212.25778 | D15: =tbl_model!S16 -> 214.15589 | E15: =tbl_model!T16 -> 217.7555 | F15: =tbl_model!U16 -> 221.84234 | G15: =tbl_model!V16 -> 227.40544 | H15: =tbl_model!W16 -> 232.30778 | I15: =tbl_model!X16 -> 238.09002 | K15: =D15/C15-1 -> 0.0089424861 | L15: =E15/D15-1 -> 0.016808348 | M15: =F15/E15-1 -> 0.01876802 | N15: =G15/F15-1 -> 0.0250768 | O15: =H15/G15-1 -> 0.021557708 | P15: =I15/H15-1 -> 0.024890434 | R15: 212.25778 | S15: 214.15589 | T15: 217.47064 | U15: 222.13898 | V15: 227.34177 | W15: 232.24255 | X15: 238.35367 | Z15: =S15/R15-1 -> 0.0089424861 | AA15: =T15/S15-1 -> 0.015478179 | AB15: =U15/T15-1 -> 0.021466544 | AC15: =V15/U15-1 -> 0.023421333 | AD15: =W15/V15-1 -> 0.021556889 | AE15: =X15/W15-1 -> 0.026313494 | AG15: =C15-R15 -> 0 | AH15: =D15-S15 -> 0 | AI15: =E15-T15 -> 0.28486362 | AJ15: =F15-U15 -> -0.29663978 | AK15: =G15-V15 -> 0.063664992 | AL15: =H15-W15 -> 0.065223737 | AM15: =I15-X15 -> -0.26364783 | AO15: =C15/R15-1 -> 0 | AP15: =D15/S15-1 -> 0 | AQ15: =E15/T15-1 -> 0.0013098946 | AR15: =F15/U15-1 -> -0.0013353792 | AS15: =G15/V15-1 -> 0.00028004089 | AT15: =H15/W15-1 -> 0.00028084318 | AU15: =I15/X15-1 -> -0.0011061203
B17: Day | C17: =tbl_model!R18 -> 86.028914 | D17: =tbl_model!S18 -> 87.216369 | E17: =tbl_model!T18 -> 88.258791 | F17: =tbl_model!U18 -> 90.09828 | G17: =tbl_model!V18 -> 92.086068 | H17: =tbl_model!W18 -> 94.348953 | I17: =tbl_model!X18 -> 96.982257 | K17: =D17/C17-1 -> 0.01380298 | L17: =E17/D17-1 -> 0.011952132 | M17: =F17/E17-1 -> 0.020841989 | N17: =G17/F17-1 -> 0.02206245 | O17: =H17/G17-1 -> 0.024573585 | P17: =I17/H17-1 -> 0.027910264 | R17: 86.028914 | S17: 87.216369 | T17: 88.137429 | U17: 90.212969 | V17: 92.054908 | W17: 94.316413 | X17: 97.082871 | Z17: =S17/R17-1 -> 0.01380298 | AA17: =T17/S17-1 -> 0.010560624 | AB17: =U17/T17-1 -> 0.023548915 | AC17: =V17/U17-1 -> 0.020417673 | AD17: =W17/V17-1 -> 0.024566913 | AE17: =X17/W17-1 -> 0.029331668 | AG17: =C17-R17 -> 0 | AH17: =D17-S17 -> 0 | AI17: =E17-T17 -> 0.12136231 | AJ17: =F17-U17 -> -0.11468981 | AK17: =G17-V17 -> 0.031160132 | AL17: =H17-W17 -> 0.032540002 | AM17: =I17-X17 -> -0.10061355 | AO17: =C17/R17-1 -> 0 | AP17: =D17/S17-1 -> 0 | AQ17: =E17/T17-1 -> 0.0013769668 | AR17: =F17/U17-1 -> -0.0012713228 | AS17: =G17/V17-1 -> 0.00033849506 | AT17: =H17/W17-1 -> 0.0003450089 | AU17: =I17/X17-1 -> -0.0010363677
B18: Overnight | C18: =tbl_model!R19 -> 166.9601 | D18: =tbl_model!S19 -> 167.78 | E18: =tbl_model!T19 -> 171.28319 | F18: =tbl_model!U19 -> 175.11041 | G18: =tbl_model!V19 -> 179.50162 | H18: =tbl_model!W19 -> 183.37127 | I18: =tbl_model!X19 -> 187.93546 | K18: =D18/C18-1 -> 0.0049107479 | L18: =E18/D18-1 -> 0.020879653 | M18: =F18/E18-1 -> 0.022344438 | N18: =G18/F18-1 -> 0.0250768 | O18: =H18/G18-1 -> 0.021557708 | P18: =I18/H18-1 -> 0.024890434 | R18: 166.9601 | S18: 167.78 | T18: 170.54713 | U18: 174.81975 | V18: 178.91427 | W18: 182.7711 | X18: 187.58045 | Z18: =S18/R18-1 -> 0.0049107479 | AA18: =T18/S18-1 -> 0.016492642 | AB18: =U18/T18-1 -> 0.025052435 | AC18: =V18/U18-1 -> 0.023421333 | AD18: =W18/V18-1 -> 0.021556889 | AE18: =X18/W18-1 -> 0.026313494 | AG18: =C18-R18 -> 0 | AH18: =D18-S18 -> 0 | AI18: =E18-T18 -> 0.7360526 | AJ18: =F18-U18 -> 0.29065812 | AK18: =G18-V18 -> 0.58735506 | AL18: =H18-W18 -> 0.60016369 | AM18: =I18-X18 -> 0.35500784 | AO18: =C18/R18-1 -> 0 | AP18: =D18/S18-1 -> 0 | AQ18: =E18/T18-1 -> 0.0043158309 | AR18: =F18/U18-1 -> 0.001662616 | AS18: =G18/V18-1 -> 0.0032828856 | AT18: =H18/W18-1 -> 0.0032836903 | AU18: =I18/X18-1 -> 0.0018925631
B19: Paid accom. | C19: =tbl_model!R20 -> 111.19543 | D19: =tbl_model!S20 -> 111.5737 | E19: =tbl_model!T20 -> 114.0746 | F19: =tbl_model!U20 -> 116.79865 | G19: =tbl_model!V20 -> 119.54808 | H19: =tbl_model!W20 -> 122.30863 | I19: =tbl_model!X20 -> 125.35295 | K19: =D19/C19-1 -> 0.0034018729 | L19: =E19/D19-1 -> 0.02241481 | M19: =F19/E19-1 -> 0.023879489 | N19: =G19/F19-1 -> 0.023539953 | O19: =H19/G19-1 -> 0.023091579 | P19: =I19/H19-1 -> 0.024890434 | R19: 111.19543 | S19: 111.5737 | T19: 113.58439 | U19: 116.60478 | V19: 119.1569 | W19: 121.90832 | X19: 125.11616 | Z19: =S19/R19-1 -> 0.0034018729 | AA19: =T19/S19-1 -> 0.018021203 | AB19: =U19/T19-1 -> 0.026591553 | AC19: =V19/U19-1 -> 0.021886969 | AD19: =W19/V19-1 -> 0.023090758 | AE19: =X19/W19-1 -> 0.026313494 | AG19: =C19-R19 -> 0 | AH19: =D19-S19 -> 0 | AI19: =E19-T19 -> 0.49021103 | AJ19: =F19-U19 -> 0.19386896 | AK19: =G19-V19 -> 0.39117847 | AL19: =H19-W19 -> 0.40030918 | AM19: =I19-X19 -> 0.23679023 | AO19: =C19/R19-1 -> 0 | AP19: =D19/S19-1 -> 0 | AQ19: =E19/T19-1 -> 0.0043158309 | AR19: =F19/U19-1 -> 0.001662616 | AS19: =G19/V19-1 -> 0.0032828856 | AT19: =H19/W19-1 -> 0.0032836903 | AU19: =I19/X19-1 -> 0.0018925631
B20: Unpaid accom. | C20: =tbl_model!R21 -> 55.764673 | D20: =tbl_model!S21 -> 56.206299 | E20: =tbl_model!T21 -> 57.208584 | F20: =tbl_model!U21 -> 58.311767 | G20: =tbl_model!V21 -> 59.953542 | H20: =tbl_model!W21 -> 61.062631 | I20: =tbl_model!X21 -> 62.582507 | K20: =D20/C20-1 -> 0.0079194627 | L20: =E20/D20-1 -> 0.017832251 | M20: =F20/E20-1 -> 0.019283526 | N20: =G20/F20-1 -> 0.028155108 | O20: =H20/G20-1 -> 0.018499152 | P20: =I20/H20-1 -> 0.024890434 | R20: 55.764673 | S20: 56.206299 | T20: 56.962743 | U20: 58.214978 | V20: 59.757365 | W20: 60.862777 | X20: 62.464289 | Z20: =S20/R20-1 -> 0.0079194627 | AA20: =T20/S20-1 -> 0.013458336 | AB20: =U20/T20-1 -> 0.021983416 | AC20: =V20/U20-1 -> 0.026494671 | AD20: =W20/V20-1 -> 0.018498335 | AE20: =X20/W20-1 -> 0.026313494 | AG20: =C20-R20 -> 0 | AH20: =D20-S20 -> 0 | AI20: =E20-T20 -> 0.24584157 | AJ20: =F20-U20 -> 0.096789153 | AK20: =G20-V20 -> 0.19617659 | AL20: =H20-W20 -> 0.19985451 | AM20: =I20-X20 -> 0.11821761 | AO20: =C20/R20-1 -> 0 | AP20: =D20/S20-1 -> 0 | AQ20: =E20/T20-1 -> 0.0043158309 | AR20: =F20/U20-1 -> 0.001662616 | AS20: =G20/V20-1 -> 0.0032828856 | AT20: =H20/W20-1 -> 0.0032836903 | AU20: =I20/X20-1 -> 0.0018925631
B22: Gateway | C22: =tbl_model!R23 -> 114.35103 | D22: =tbl_model!S23 -> 115.03944 | E22: =tbl_model!T23 -> 117.46189 | F22: =tbl_model!U23 -> 119.83155 | G22: =tbl_model!V23 -> 122.83255 | H22: =tbl_model!W23 -> 125.67012 | I22: =tbl_model!X23 -> 128.92703 | K22: =D22/C22-1 -> 0.0060200843 | L22: =E22/D22-1 -> 0.021057575 | M22: =F22/E22-1 -> 0.020173847 | N22: =G22/F22-1 -> 0.025043477 | O22: =H22/G22-1 -> 0.023101168 | P22: =I22/H22-1 -> 0.025916351 | R22: 114.35103 | S22: 115.03944 | T22: 116.77449 | U22: 119.36829 | V22: 122.12142 | W22: 124.93696 | X22: 128.35284 | Z22: =S22/R22-1 -> 0.0060200843 | AA22: =T22/S22-1 -> 0.015082284 | AB22: =U22/T22-1 -> 0.022211968 | AC22: =V22/U22-1 -> 0.023064195 | AD22: =W22/V22-1 -> 0.023055275 | AE22: =X22/W22-1 -> 0.027340835 | AG22: =C22-R22 -> 0 | AH22: =D22-S22 -> 0 | AI22: =E22-T22 -> 0.68739414 | AJ22: =F22-U22 -> 0.46326095 | AK22: =G22-V22 -> 0.71112608 | AL22: =H22-W22 -> 0.73315837 | AM22: =I22-X22 -> 0.57418844 | AO22: =C22/R22-1 -> 0 | AP22: =D22/S22-1 -> 0 | AQ22: =E22/T22-1 -> 0.0058865092 | AR22: =F22/U22-1 -> 0.0038809383 | AS22: =G22/V22-1 -> 0.0058231069 | AT22: =H22/W22-1 -> 0.0058682263 | AU22: =I22/X22-1 -> 0.0044735155
B23: Rural/Other | C23: =tbl_model!R24 -> 138.63798 | D23: =tbl_model!S24 -> 139.95693 | E23: =tbl_model!T24 -> 142.08009 | F23: =tbl_model!U24 -> 145.37715 | G23: =tbl_model!V24 -> 148.75514 | H23: =tbl_model!W24 -> 152.0501 | I23: =tbl_model!X24 -> 155.99068 | K23: =D23/C23-1 -> 0.0095136377 | L23: =E23/D23-1 -> 0.015170082 | M23: =F23/E23-1 -> 0.023205624 | N23: =G23/F23-1 -> 0.023236107 | O23: =H23/G23-1 -> 0.02215018 | P23: =I23/H23-1 -> 0.025916351 | R23: 138.63798 | S23: 139.95693 | T23: 141.91007 | U23: 145.66444 | V23: 148.84776 | W23: 152.15055 | X23: 156.31048 | Z23: =S23/R23-1 -> 0.0095136377 | AA23: =T23/S23-1 -> 0.013955274 | AB23: =U23/T23-1 -> 0.026455984 | AC23: =V23/U23-1 -> 0.02185377 | AD23: =W23/V23-1 -> 0.022189095 | AE23: =X23/W23-1 -> 0.027340835 | AG23: =C23-R23 -> 0 | AH23: =D23-S23 -> 0 | AI23: =E23-T23 -> 0.17002077 | AJ23: =F23-U23 -> -0.28729264 | AK23: =G23-V23 -> -0.092610881 | AL23: =H23-W23 -> -0.10045468 | AM23: =I23-X23 -> -0.31979415 | AO23: =C23/R23-1 -> 0 | AP23: =D23/S23-1 -> 0 | AQ23: =E23/T23-1 -> 0.0011980882 | AR23: =F23/U23-1 -> -0.0019722909 | AS23: =G23/V23-1 -> -0.00062218527 | AT23: =H23/W23-1 -> -0.00066023211 | AU23: =I23/X23-1 -> -0.0020458907
B25: Fly | C25: =tbl_model!R26 -> 49.587149 | D25: =tbl_model!S26 -> 50.130543 | E25: =tbl_model!T26 -> 50.692522 | F25: =tbl_model!U26 -> 51.851117 | G25: =tbl_model!V26 -> 53.257574 | H25: =tbl_model!W26 -> 54.514605 | I25: =tbl_model!X26 -> 55.983352 | K25: =D25/C25-1 -> 0.010958355 | L25: =E25/D25-1 -> 0.011210304 | M25: =F25/E25-1 -> 0.022855354 | N25: =G25/F25-1 -> 0.027124905 | O25: =H25/G25-1 -> 0.023602869 | P25: =I25/H25-1 -> 0.026942267 | R25: 49.587149 | S25: 50.130543 | T25: 50.906473 | U25: 52.207882 | V25: 53.537414 | W25: 54.801007 | X25: 56.355611 | Z25: =S25/R25-1 -> 0.010958355 | AA25: =T25/S25-1 -> 0.015478179 | AB25: =U25/T25-1 -> 0.025564705 | AC25: =V25/U25-1 -> 0.025466131 | AD25: =W25/V25-1 -> 0.023602048 | AE25: =X25/W25-1 -> 0.028368176 | AG25: =C25-R25 -> 0 | AH25: =D25-S25 -> 0 | AI25: =E25-T25 -> -0.21395087 | AJ25: =F25-U25 -> -0.35676427 | AK25: =G25-V25 -> -0.27984041 | AL25: =H25-W25 -> -0.28640149 | AM25: =I25-X25 -> -0.37225902 | AO25: =C25/R25-1 -> 0 | AP25: =D25/S25-1 -> 0 | AQ25: =E25/T25-1 -> -0.0042028225 | AR25: =F25/U25-1 -> -0.0068335328 | AS25: =G25/V25-1 -> -0.0052270064 | AT25: =H25/W25-1 -> -0.0052262085 | AU25: =I25/X25-1 -> -0.0066055361
B26: Drive | C26: =tbl_model!R27 -> 203.40186 | D26: =tbl_model!S27 -> 204.86582 | E26: =tbl_model!T27 -> 208.84946 | F26: =tbl_model!U27 -> 213.35758 | G26: =tbl_model!V27 -> 218.33012 | H26: =tbl_model!W27 -> 223.20561 | I26: =tbl_model!X27 -> 228.93436 | K26: =D26/C26-1 -> 0.0071973813 | L26: =E26/D26-1 -> 0.019445074 | M26: =F26/E26-1 -> 0.021585499 | N26: =G26/F26-1 -> 0.023306137 | O26: =H26/G26-1 -> 0.022330849 | P26: =I26/H26-1 -> 0.025665786 | R26: 203.40186 | S26: 204.86582 | T26: 207.77809 | U26: 212.82484 | V26: 217.43176 | W26: 222.28651 | X26: 228.30771 | Z26: =S26/R26-1 -> 0.0071973813 | AA26: =T26/S26-1 -> 0.014215476 | AB26: =U26/T26-1 -> 0.024289148 | AC26: =V26/U26-1 -> 0.021646523 | AD26: =W26/V26-1 -> 0.022327682 | AE26: =X26/W26-1 -> 0.027087561 | AG26: =C26-R26 -> 0 | AH26: =D26-S26 -> 0 | AI26: =E26-T26 -> 1.0713658 | AJ26: =F26-U26 -> 0.53273258 | AK26: =G26-V26 -> 0.8983556 | AL26: =H26-W26 -> 0.91910518 | AM26: =I26-X26 -> 0.62665331 | AO26: =C26/R26-1 -> 0 | AP26: =D26/S26-1 -> 0 | AQ26: =E26/T26-1 -> 0.0051562981 | AR26: =F26/U26-1 -> 0.0025031503 | AS26: =G26/V26-1 -> 0.0041316669 | AT26: =H26/W26-1 -> 0.0041347772 | AU26: =I26/X26-1 -> 0.0027447751
B28: International
B29: Total | C29: =tbl_model!R30 -> 16.516406 | D29: =tbl_model!S30 -> 16.407089 | E29: =tbl_model!T30 -> 16.795061 | F29: =tbl_model!U30 -> 17.292424 | G29: =tbl_model!V30 -> 17.964969 | H29: =tbl_model!W30 -> 18.763757 | I29: =tbl_model!X30 -> 19.548257 | K29: =D29/C29-1 -> -0.0066187189 | L29: =E29/D29-1 -> 0.023646594 | M29: =F29/E29-1 -> 0.029613695 | N29: =G29/F29-1 -> 0.038892445 | O29: =H29/G29-1 -> 0.044463655 | P29: =I29/H29-1 -> 0.041809323 | R29: 16.516406 | S29: 16.407089 | T29: 16.804192 | U29: 17.456358 | V29: 18.186821 | W29: 18.917028 | X29: 19.651401 | Z29: =S29/R29-1 -> -0.0066187189 | AA29: =T29/S29-1 -> 0.024203133 | AB29: =U29/T29-1 -> 0.038809711 | AC29: =V29/U29-1 -> 0.041845139 | AD29: =W29/V29-1 -> 0.040150311 | AE29: =X29/W29-1 -> 0.038820744 | AG29: =C29-R29 -> 0 | AH29: =D29-S29 -> 0 | AI29: =E29-T29 -> -0.0091311787 | AJ29: =F29-U29 -> -0.16393321 | AK29: =G29-V29 -> -0.22185225 | AL29: =H29-W29 -> -0.1532706 | AM29: =I29-X29 -> -0.1031437 | AO29: =C29/R29-1 -> 0 | AP29: =D29/S29-1 -> 0 | AQ29: =E29/T29-1 -> -0.00054338696 | AR29: =F29/U29-1 -> -0.0093910319 | AS29: =G29/V29-1 -> -0.012198517 | AT29: =H29/W29-1 -> -0.0081022556 | AU29: =I29/X29-1 -> -0.0052486689
B30: Overseas | C30: =tbl_model!R31 -> 6.964 | D30: =tbl_model!S31 -> 6.616 | E30: =tbl_model!T31 -> 6.3678526 | F30: =tbl_model!U31 -> 6.5856762 | G30: =tbl_model!V31 -> 6.9358247 | H30: =tbl_model!W31 -> 7.3967461 | I30: =tbl_model!X31 -> 7.865921 | K30: =D30/C30-1 -> -0.049971281 | L30: =E30/D30-1 -> -0.037507157 | M30: =F30/E30-1 -> 0.034206756 | N30: =G30/F30-1 -> 0.05316818 | O30: =H30/G30-1 -> 0.066455178 | P30: =I30/H30-1 -> 0.063429901 | R30: 6.964 | S30: 6.616 | T30: 6.7381292 | U30: 7.1115001 | V30: 7.5267902 | W30: 7.92488 | X30: 8.3898295 | Z30: =S30/R30-1 -> -0.049971281 | AA30: =T30/S30-1 -> 0.018459672 | AB30: =U30/T30-1 -> 0.055411652 | AC30: =V30/U30-1 -> 0.058396982 | AD30: =W30/V30-1 -> 0.052889717 | AE30: =X30/W30-1 -> 0.058669594 | AG30: =C30-R30 -> 0 | AH30: =D30-S30 -> 0 | AI30: =E30-T30 -> -0.37027654 | AJ30: =F30-U30 -> -0.52582383 | AK30: =G30-V30 -> -0.59096555 | AL30: =H30-W30 -> -0.52813389 | AM30: =I30-X30 -> -0.5239085 | AO30: =C30/R30-1 -> 0 | AP30: =D30/S30-1 -> 0 | AQ30: =E30/T30-1 -> -0.054952426 | AR30: =F30/U30-1 -> -0.073939932 | AS30: =G30/V30-1 -> -0.078514949 | AT30: =H30/W30-1 -> -0.066642509 | AU30: =I30/X30-1 -> -0.062445668
B31: Mexico | C31: =tbl_model!R32 -> 7.8261018 | D31: =tbl_model!S32 -> 8.4112547 | E31: =tbl_model!T32 -> 9.1373261 | F31: =tbl_model!U32 -> 9.3928568 | G31: =tbl_model!V32 -> 9.6637419 | H31: =tbl_model!W32 -> 9.9081521 | I31: =tbl_model!X32 -> 10.137294 | K31: =D31/C31-1 -> 0.074769393 | L31: =E31/D31-1 -> 0.086321413 | M31: =F31/E31-1 -> 0.027965593 | N31: =G31/F31-1 -> 0.028839479 | O31: =H31/G31-1 -> 0.025291465 | P31: =I31/H31-1 -> 0.023126614 | R31: 7.8261018 | S31: 8.4112547 | T31: 8.6507701 | U31: 8.8494538 | V31: 9.0776177 | W31: 9.3344299 | X31: 9.5317997 | Z31: =S31/R31-1 -> 0.074769393 | AA31: =T31/S31-1 -> 0.028475583 | AB31: =U31/T31-1 -> 0.022967171 | AC31: =V31/U31-1 -> 0.025782826 | AD31: =W31/V31-1 -> 0.028290701 | AE31: =X31/W31-1 -> 0.021144284 | AG31: =C31-R31 -> 0 | AH31: =D31-S31 -> 0 | AI31: =E31-T31 -> 0.48655601 | AJ31: =F31-U31 -> 0.54340304 | AK31: =G31-V31 -> 0.58612421 | AL31: =H31-W31 -> 0.57372223 | AM31: =I31-X31 -> 0.60549441 | AO31: =C31/R31-1 -> 0 | AP31: =D31/S31-1 -> 0 | AQ31: =E31/T31-1 -> 0.056244242 | AR31: =F31/U31-1 -> 0.061405263 | AS31: =G31/V31-1 -> 0.064568065 | AT31: =H31/W31-1 -> 0.061463018 | AU31: =I31/X31-1 -> 0.063523619
B32: Canada | C32: =tbl_model!R33 -> 1.7263045 | D32: =tbl_model!S33 -> 1.3798342 | E32: =tbl_model!T33 -> 1.2898819 | F32: =tbl_model!U33 -> 1.3138914 | G32: =tbl_model!V33 -> 1.3654025 | H32: =tbl_model!W33 -> 1.4588591 | I32: =tbl_model!X33 -> 1.5450422 | K32: =D32/C32-1 -> -0.20070059 | L32: =E32/D32-1 -> -0.065190635 | M32: =F32/E32-1 -> 0.018613698 | N32: =G32/F32-1 -> 0.039205034 | O32: =H32/G32-1 -> 0.06844614 | P32: =I32/H32-1 -> 0.059075687 | R32: 1.7263045 | S32: 1.3798342 | T32: 1.4152926 | U32: 1.4954038 | V32: 1.5824135 | W32: 1.657718 | X32: 1.7297718 | Z32: =S32/R32-1 -> -0.20070059 | AA32: =T32/S32-1 -> 0.025697564 | AB32: =U32/T32-1 -> 0.056604022 | AC32: =V32/U32-1 -> 0.058184716 | AD32: =W32/V32-1 -> 0.047588425 | AE32: =X32/W32-1 -> 0.043465635 | AG32: =C32-R32 -> 0 | AH32: =D32-S32 -> 0 | AI32: =E32-T32 -> -0.12541064 | AJ32: =F32-U32 -> -0.18151242 | AK32: =G32-V32 -> -0.21701091 | AL32: =H32-W32 -> -0.19885894 | AM32: =I32-X32 -> -0.18472961 | AO32: =C32/R32-1 -> 0 | AP32: =D32/S32-1 -> 0 | AQ32: =E32/T32-1 -> -0.08861111 | AR32: =F32/U32-1 -> -0.12138021 | AS32: =G32/V32-1 -> -0.1371392 | AT32: =H32/W32-1 -> -0.11995945 | AU32: =I32/X32-1 -> -0.10679421
B34: Business | C34: =tbl_model!R35 -> 3.4684453 | D34: =tbl_model!S35 -> 3.4799436 | E34: =tbl_model!T35 -> 3.633477 | F34: =tbl_model!U35 -> 3.7036669 | G34: =tbl_model!V35 -> 3.8092345 | H34: =tbl_model!W35 -> 3.9865642 | I34: =tbl_model!X35 -> 4.14078 | K34: =D34/C34-1 -> 0.0033150939 | L34: =E34/D34-1 -> 0.044119526 | M34: =F34/E34-1 -> 0.019317558 | N34: =G34/F34-1 -> 0.028503521 | O34: =H34/G34-1 -> 0.046552582 | P34: =I34/H34-1 -> 0.038683895 | R34: 3.4684453 | S34: 3.4799436 | T34: 3.5285274 | U34: 3.6288138 | V34: 3.7428554 | W34: 3.9009185 | X34: 4.040198 | Z34: =S34/R34-1 -> 0.0033150939 | AA34: =T34/S34-1 -> 0.013961101 | AB34: =U34/T34-1 -> 0.028421614 | AC34: =V34/U34-1 -> 0.031426688 | AD34: =W34/V34-1 -> 0.042230612 | AE34: =X34/W34-1 -> 0.035704281 | AG34: =C34-R34 -> 0 | AH34: =D34-S34 -> 0 | AI34: =E34-T34 -> 0.10494962 | AJ34: =F34-U34 -> 0.074853073 | AK34: =G34-V34 -> 0.066379021 | AL34: =H34-W34 -> 0.085645648 | AM34: =I34-X34 -> 0.10058199 | AO34: =C34/R34-1 -> 0 | AP34: =D34/S34-1 -> 0 | AQ34: =E34/T34-1 -> 0.029743177 | AR34: =F34/U34-1 -> 0.020627422 | AS34: =G34/V34-1 -> 0.017734861 | AT34: =H34/W34-1 -> 0.021955252 | AU34: =I34/X34-1 -> 0.024895311
B35: Leisure | C35: =tbl_model!R36 -> 13.047961 | D35: =tbl_model!S36 -> 12.927145 | E35: =tbl_model!T36 -> 13.161584 | F35: =tbl_model!U36 -> 13.588758 | G35: =tbl_model!V36 -> 14.155735 | H35: =tbl_model!W36 -> 14.777193 | I35: =tbl_model!X36 -> 15.407477 | K35: =D35/C35-1 -> -0.0092593527 | L35: =E35/D35-1 -> 0.018135351 | M35: =F35/E35-1 -> 0.032456117 | N35: =G35/F35-1 -> 0.041723986 | O35: =H35/G35-1 -> 0.043901536 | P35: =I35/H35-1 -> 0.042652495 | R35: 13.047961 | S35: 12.927145 | T35: 13.275664 | U35: 13.827544 | V35: 14.443966 | W35: 15.016109 | X35: 15.611203 | Z35: =S35/R35-1 -> -0.0092593527 | AA35: =T35/S35-1 -> 0.026960253 | AB35: =U35/T35-1 -> 0.041570755 | AC35: =V35/U35-1 -> 0.044579292 | AD35: =W35/V35-1 -> 0.039611244 | AE35: =X35/W35-1 -> 0.039630345 | AG35: =C35-R35 -> 0 | AH35: =D35-S35 -> 0 | AI35: =E35-T35 -> -0.11408079 | AJ35: =F35-U35 -> -0.23878628 | AK35: =G35-V35 -> -0.28823128 | AL35: =H35-W35 -> -0.23891624 | AM35: =I35-X35 -> -0.20372568 | AO35: =C35/R35-1 -> 0 | AP35: =D35/S35-1 -> 0 | AQ35: =E35/T35-1 -> -0.0085932267 | AR35: =F35/U35-1 -> -0.017268886 | AS35: =G35/V35-1 -> -0.019955134 | AT35: =H35/W35-1 -> -0.015910662 | AU35: =I35/X35-1 -> -0.013049967
B38: Total travel spending ($ billions)
C39: =tbl_model!R40 -> 156.18957 | D39: =tbl_model!S40 -> 158.86462 | E39: =tbl_model!T40 -> 166.25502 | F39: =tbl_model!U40 -> 171.73652 | G39: =tbl_model!V40 -> 178.87832 | H39: =tbl_model!W40 -> 187.2233 | I39: =tbl_model!X40 -> 196.29329 | K39: =D39/C39-1 -> 0.017126961 | L39: =E39/D39-1 -> 0.04652014 | M39: =F39/E39-1 -> 0.032970426 | N39: =G39/F39-1 -> 0.041585792 | O39: =H39/G39-1 -> 0.046651725 | P39: =I39/H39-1 -> 0.048444737 | R39: 156.18957 | S39: 158.86462 | T39: 166.51449 | U39: 172.02342 | V39: 179.24903 | W39: 187.36831 | X39: 196.08746 | Z39: =S39/R39-1 -> 0.017126961 | AA39: =T39/S39-1 -> 0.048153374 | AB39: =U39/T39-1 -> 0.033083783 | AC39: =V39/U39-1 -> 0.042003675 | AD39: =W39/V39-1 -> 0.045296057 | AE39: =X39/W39-1 -> 0.046534822 | AG39: =C39-R39 -> 0 | AH39: =D39-S39 -> 0 | AI39: =E39-T39 -> -0.25946321 | AJ39: =F39-U39 -> -0.28689343 | AK39: =G39-V39 -> -0.37070961 | AL39: =H39-W39 -> -0.14500172 | AM39: =I39-X39 -> 0.20583116 | AO39: =C39/R39-1 -> 0 | AP39: =D39/S39-1 -> 0 | AQ39: =E39/T39-1 -> -0.001558202 | AR39: =F39/U39-1 -> -0.001667758 | AS39: =G39/V39-1 -> -0.0020681262 | AT39: =H39/W39-1 -> -0.00077388605 | AU39: =I39/X39-1 -> 0.0010496906
B40: Domestic | C40: =tbl_model!R41 -> 130.15426 | D40: =tbl_model!S41 -> 133.4499 | E40: =tbl_model!T41 -> 140.24956 | F40: =tbl_model!U41 -> 144.45231 | G40: =tbl_model!V41 -> 150.02783 | H40: =tbl_model!W41 -> 156.39702 | I40: =tbl_model!X41 -> 163.46185 | K40: =D40/C40-1 -> 0.025321087 | L40: =E40/D40-1 -> 0.050952864 | M40: =F40/E40-1 -> 0.029966273 | N40: =G40/F40-1 -> 0.038597606 | O40: =H40/G40-1 -> 0.042453386 | P40: =I40/H40-1 -> 0.045172435 | R40: 130.15426 | S40: 133.4499 | T40: 139.88548 | U40: 143.62312 | V40: 148.94485 | W40: 155.21196 | X40: 161.97158 | Z40: =S40/R40-1 -> 0.025321087 | AA40: =T40/S40-1 -> 0.048224644 | AB40: =U40/T40-1 -> 0.02671934 | AC40: =V40/U40-1 -> 0.037053426 | AD40: =W40/V40-1 -> 0.042076667 | AE40: =X40/W40-1 -> 0.043550951 | AG40: =C40-R40 -> 0 | AH40: =D40-S40 -> 0 | AI40: =E40-T40 -> 0.36408063 | AJ40: =F40-U40 -> 0.82918964 | AK40: =G40-V40 -> 1.0829742 | AL40: =H40-W40 -> 1.1850606 | AM40: =I40-X40 -> 1.4902665 | AO40: =C40/R40-1 -> 0 | AP40: =D40/S40-1 -> 0 | AQ40: =E40/T40-1 -> 0.002602705 | AR40: =F40/U40-1 -> 0.0057733715 | AS40: =G40/V40-1 -> 0.0072709746 | AT40: =H40/W40-1 -> 0.0076351115 | AU40: =I40/X40-1 -> 0.0092007896
B41: Business | C41: =tbl_model!R42 -> 28.351607 | D41: =tbl_model!S42 -> 28.706106 | E41: =tbl_model!T42 -> 30.501767 | F41: =tbl_model!U42 -> 31.880928 | G41: =tbl_model!V42 -> 32.946302 | H41: =tbl_model!W42 -> 34.613149 | I41: =tbl_model!X42 -> 36.255019 | K41: =D41/C41-1 -> 0.012503662 | L41: =E41/D41-1 -> 0.062553281 | M41: =F41/E41-1 -> 0.045215772 | N41: =G41/F41-1 -> 0.033417273 | O41: =H41/G41-1 -> 0.05059284 | P41: =I41/H41-1 -> 0.047434883 | R41: 28.351607 | S41: 28.706106 | T41: 30.083837 | U41: 31.533489 | V41: 32.532555 | W41: 34.180618 | X41: 35.85394 | Z41: =S41/R41-1 -> 0.012503662 | AA41: =T41/S41-1 -> 0.047994354 | AB41: =U41/T41-1 -> 0.048187055 | AC41: =V41/U41-1 -> 0.031682713 | AD41: =W41/V41-1 -> 0.05065889 | AE41: =X41/W41-1 -> 0.04895528 | AG41: =C41-R41 -> 0 | AH41: =D41-S41 -> 0 | AI41: =E41-T41 -> 0.4179301 | AJ41: =F41-U41 -> 0.34743952 | AK41: =G41-V41 -> 0.41374672 | AL41: =H41-W41 -> 0.43253054 | AM41: =I41-X41 -> 0.40107947 | AO41: =C41/R41-1 -> 0 | AP41: =D41/S41-1 -> 0 | AQ41: =E41/T41-1 -> 0.013892181 | AR41: =F41/U41-1 -> 0.011018112 | AS41: =G41/V41-1 -> 0.012717929 | AT41: =H41/W41-1 -> 0.012654263 | AU41: =I41/X41-1 -> 0.011186482
B42: Group | C42: =tbl_model!R43 -> 4.8713201 | D42: =tbl_model!S43 -> 5.0605907 | E42: =tbl_model!T43 -> 5.3609944 | F42: =tbl_model!U43 -> 5.5642281 | G42: =tbl_model!V43 -> 5.7501637 | H42: =tbl_model!W43 -> 6.053169 | I42: =tbl_model!X43 -> 6.340294 | K42: =D42/C42-1 -> 0.038854069 | L42: =E42/D42-1 -> 0.05936137 | M42: =F42/E42-1 -> 0.037909713 | N42: =G42/F42-1 -> 0.033416239 | O42: =H42/G42-1 -> 0.052695076 | P42: =I42/H42-1 -> 0.047433835 | R42: 4.8713201 | S42: 5.0605907 | T42: 5.3618617 | U42: 5.5809486 | V42: 5.7577625 | W42: 6.0615493 | X42: 6.3582877 | Z42: =S42/R42-1 -> 0.038854069 | AA42: =T42/S42-1 -> 0.059532771 | AB42: =U42/T42-1 -> 0.040860228 | AC42: =V42/U42-1 -> 0.031681681 | AD42: =W42/V42-1 -> 0.052761259 | AE42: =X42/W42-1 -> 0.048954231 | AG42: =C42-R42 -> 0 | AH42: =D42-S42 -> 0 | AI42: =E42-T42 -> -0.00086739043 | AJ42: =F42-U42 -> -0.016720523 | AK42: =G42-V42 -> -0.007598781 | AL42: =H42-W42 -> -0.0083802643 | AM42: =I42-X42 -> -0.017993725 | AO42: =C42/R42-1 -> 0 | AP42: =D42/S42-1 -> 0 | AQ42: =E42/T42-1 -> -0.00016177038 | AR42: =F42/U42-1 -> -0.0029960001 | AS42: =G42/V42-1 -> -0.0013197455 | AT42: =H42/W42-1 -> -0.0013825284 | AU42: =I42/X42-1 -> -0.0028299639
B43: Leisure | C43: =tbl_model!R44 -> 101.80265 | D43: =tbl_model!S44 -> 104.7438 | E43: =tbl_model!T44 -> 109.74779 | F43: =tbl_model!U44 -> 112.57139 | G43: =tbl_model!V44 -> 117.08153 | H43: =tbl_model!W44 -> 121.78387 | I43: =tbl_model!X44 -> 127.20683 | K43: =D43/C43-1 -> 0.028890686 | L43: =E43/D43-1 -> 0.047773651 | M43: =F43/E43-1 -> 0.025728041 | N43: =G43/F43-1 -> 0.040064709 | O43: =H43/G43-1 -> 0.040162975 | P43: =I43/H43-1 -> 0.044529407 | R43: 101.80265 | S43: 104.7438 | T43: 109.80164 | U43: 112.08964 | V43: 116.4123 | W43: 121.03134 | X43: 126.11764 | Z43: =S43/R43-1 -> 0.028890686 | AA43: =T43/S43-1 -> 0.048287757 | AB43: =U43/T43-1 -> 0.02083754 | AC43: =V43/U43-1 -> 0.038564336 | AD43: =W43/V43-1 -> 0.039678281 | AE43: =X43/W43-1 -> 0.042024707 | AG43: =C43-R43 -> 0 | AH43: =D43-S43 -> 0 | AI43: =E43-T43 -> -0.053849474 | AJ43: =F43-U43 -> 0.48175012 | AK43: =G43-V43 -> 0.66922753 | AL43: =H43-W43 -> 0.75253004 | AM43: =I43-X43 -> 1.089187 | AO43: =C43/R43-1 -> 0 | AP43: =D43/S43-1 -> 0 | AQ43: =E43/T43-1 -> -0.00049042505 | AR43: =F43/U43-1 -> 0.0042979007 | AS43: =G43/V43-1 -> 0.00574877 | AT43: =H43/W43-1 -> 0.0062176462 | AU43: =I43/X43-1 -> 0.0086362777
B44: International | C44: =tbl_model!R45 -> 26.035312 | D44: =tbl_model!S45 -> 25.414717 | E44: =tbl_model!T45 -> 26.005467 | F44: =tbl_model!U45 -> 27.284209 | G44: =tbl_model!V45 -> 28.850495 | H44: =tbl_model!W45 -> 30.826288 | I44: =tbl_model!X45 -> 32.831438 | K44: =D44/C44-1 -> -0.023836646 | L44: =E44/D44-1 -> 0.02324439 | M44: =F44/E44-1 -> 0.049172061 | N44: =G44/F44-1 -> 0.057406317 | O44: =H44/G44-1 -> 0.068483848 | P44: =I44/H44-1 -> 0.065046742 | R44: 26.035312 | S44: 25.414717 | T44: 26.629011 | U44: 28.400292 | V44: 30.304179 | W44: 32.156351 | X44: 34.115873 | Z44: =S44/R44-1 -> -0.023836646 | AA44: =T44/S44-1 -> 0.047779144 | AB44: =U44/T44-1 -> 0.06651699 | AC44: =V44/U44-1 -> 0.067037576 | AD44: =W44/V44-1 -> 0.061119339 | AE44: =X44/W44-1 -> 0.060937345 | AG44: =C44-R44 -> 0 | AH44: =D44-S44 -> 0 | AI44: =E44-T44 -> -0.62354384 | AJ44: =F44-U44 -> -1.1160831 | AK44: =G44-V44 -> -1.4536839 | AL44: =H44-W44 -> -1.3300623 | AM44: =I44-X44 -> -1.2844353 | AO44: =C44/R44-1 -> 0 | AP44: =D44/S44-1 -> 0 | AQ44: =E44/T44-1 -> -0.023415959 | AR44: =F44/U44-1 -> -0.039298295 | AS44: =G44/V44-1 -> -0.047969749 | AT44: =H44/W44-1 -> -0.041362352 | AU44: =I44/X44-1 -> -0.037649199
B45: Business | C45: =tbl_model!R46 -> 5.8787734 | D45: =tbl_model!S46 -> 5.7909467 | E45: =tbl_model!T46 -> 6.0336626 | F45: =tbl_model!U46 -> 6.4869087 | G45: =tbl_model!V46 -> 6.7993604 | H45: =tbl_model!W46 -> 7.2776872 | I45: =tbl_model!X46 -> 7.7307786 | K45: =D45/C45-1 -> -0.014939639 | L45: =E45/D45-1 -> 0.041912994 | M45: =F45/E45-1 -> 0.075119568 | N45: =G45/F45-1 -> 0.048166503 | O45: =H45/G45-1 -> 0.070348794 | P45: =I45/H45-1 -> 0.062257614 | R45: 5.8787734 | S45: 5.7909467 | T45: 6.0122826 | U45: 6.5787242 | V45: 6.9586397 | W45: 7.3967857 | X45: 7.827054 | Z45: =S45/R45-1 -> -0.014939639 | AA45: =T45/S45-1 -> 0.03822103 | AB45: =U45/T45-1 -> 0.094214069 | AC45: =V45/U45-1 -> 0.057749118 | AD45: =W45/V45-1 -> 0.062964313 | AE45: =X45/W45-1 -> 0.058169636 | AG45: =C45-R45 -> 0 | AH45: =D45-S45 -> 0 | AI45: =E45-T45 -> 0.021379965 | AJ45: =F45-U45 -> -0.091815516 | AK45: =G45-V45 -> -0.15927933 | AL45: =H45-W45 -> -0.1190985 | AM45: =I45-X45 -> -0.096275389 | AO45: =C45/R45-1 -> 0 | AP45: =D45/S45-1 -> 0 | AQ45: =E45/T45-1 -> 0.0035560479 | AR45: =F45/U45-1 -> -0.013956432 | AS45: =G45/V45-1 -> -0.022889435 | AT45: =H45/W45-1 -> -0.016101386 | AU45: =I45/X45-1 -> -0.012300335
B46: Leisure | C46: =tbl_model!R47 -> 20.156538 | D46: =tbl_model!S47 -> 19.623771 | E46: =tbl_model!T47 -> 19.971804 | F46: =tbl_model!U47 -> 20.797301 | G46: =tbl_model!V47 -> 22.051135 | H46: =tbl_model!W47 -> 23.548601 | I46: =tbl_model!X47 -> 25.100659 | K46: =D46/C46-1 -> -0.026431511 | L46: =E46/D46-1 -> 0.017735312 | M46: =F46/E46-1 -> 0.041333085 | N46: =G46/F46-1 -> 0.060288318 | O46: =H46/G46-1 -> 0.067908801 | P46: =I46/H46-1 -> 0.065908721 | R46: 20.156538 | S46: 19.623771 | T46: 20.616728 | U46: 21.821568 | V46: 23.345539 | W46: 24.759565 | X46: 26.288819 | Z46: =S46/R46-1 -> -0.026431511 | AA46: =T46/S46-1 -> 0.05059973 | AB46: =U46/T46-1 -> 0.058439925 | AC46: =V46/U46-1 -> 0.069837842 | AD46: =W46/V46-1 -> 0.060569404 | AE46: =X46/W46-1 -> 0.061764183 | AG46: =C46-R46 -> 0 | AH46: =D46-S46 -> 0 | AI46: =E46-T46 -> -0.6449238 | AJ46: =F46-U46 -> -1.0242676 | AK46: =G46-V46 -> -1.2944045 | AL46: =H46-W46 -> -1.2109638 | AM46: =I46-X46 -> -1.1881599 | AO46: =C46/R46-1 -> 0 | AP46: =D46/S46-1 -> 0 | AQ46: =E46/T46-1 -> -0.031281579 | AR46: =F46/U46-1 -> -0.046938311 | AS46: =G46/V46-1 -> -0.055445475 | AT46: =H46/W46-1 -> -0.048908929 | AU46: =I46/X46-1 -> -0.045196397
B48: Source: Tourism Economics; STR; Omnitrak (domestic); OAG (air traffic); NTTO (international); Dean Runyan (spending); VisaVue; BTS
B52: Annual domestic leisure trips to California (millions)
C54: 2024 | D54: 2025 | E54: 2026 | F54: 2027 | G54: 2028 | H54: 2029 | I54: 2030 | K54: 2025 | L54: 2026 | M54: 2027 | N54: 2028 | O54: 2029 | P54: 2030 | R54: 2024 | S54: 2025 | T54: 2026 | U54: 2027 | V54: 2028 | W54: 2029 | X54: 2030 | Z54: 2025 | AA54: 2026 | AB54: 2027 | AC54: 2028 | AD54: 2029 | AE54: 2030 | AG54: 2024 | AH54: 2025 | AI54: 2026 | AJ54: 2027 | AK54: 2028 | AL54: 2029 | AM54: 2030 | AO54: 2024 | AP54: 2025 | AQ54: 2026 | AR54: 2027 | AS54: 2028 | AT54: 2029 | AU54: 2030
B56: Total | C56: =tbl_model!R57 -> 212.25778 | D56: =tbl_model!S57 -> 214.15589 | E56: =tbl_model!T57 -> 217.7555 | F56: =tbl_model!U57 -> 221.84234 | G56: =tbl_model!V57 -> 227.40544 | H56: =tbl_model!W57 -> 232.30778 | I56: =tbl_model!X57 -> 238.09002 | K56: =D56/C56-1 -> 0.0089424861 | L56: =E56/D56-1 -> 0.016808348 | M56: =F56/E56-1 -> 0.01876802 | N56: =G56/F56-1 -> 0.0250768 | O56: =H56/G56-1 -> 0.021557708 | P56: =I56/H56-1 -> 0.024890434 | R56: 212.25778 | S56: 214.15589 | T56: 217.47064 | U56: 222.13898 | V56: 227.34177 | W56: 232.24255 | X56: 238.35367 | Z56: =S56/R56-1 -> 0.0089424861 | AA56: =T56/S56-1 -> 0.015478179 | AB56: =U56/T56-1 -> 0.021466544 | AC56: =V56/U56-1 -> 0.023421333 | AD56: =W56/V56-1 -> 0.021556889 | AE56: =X56/W56-1 -> 0.026313494 | AG56: =C56-R56 -> 0 | AH56: =D56-S56 -> 0 | AI56: =E56-T56 -> 0.28486362 | AJ56: =F56-U56 -> -0.29663978 | AK56: =G56-V56 -> 0.063664992 | AL56: =H56-W56 -> 0.065223737 | AM56: =I56-X56 -> -0.26364783 | AO56: =C56/R56-1 -> 0 | AP56: =D56/S56-1 -> 0 | AQ56: =E56/T56-1 -> 0.0013098946 | AR56: =F56/U56-1 -> -0.0013353792 | AS56: =G56/V56-1 -> 0.00028004089 | AT56: =H56/W56-1 -> 0.00028084318 | AU56: =I56/X56-1 -> -0.0011061203
B58: California | C58: =tbl_model!R59 -> 118.3322 | D58: =tbl_model!S59 -> 118.90906 | E58: =tbl_model!T59 -> 120.82582 | F58: =tbl_model!U59 -> 123.1739 | G58: =tbl_model!V59 -> 126.29091 | H58: =tbl_model!W59 -> 128.8474 | I58: =tbl_model!X59 -> 131.86059 | K58: =D58/C58-1 -> 0.0048749568 | L58: =E58/D58-1 -> 0.016119536 | M58: =F58/E58-1 -> 0.019433633 | N58: =G58/F58-1 -> 0.025305732 | O58: =H58/G58-1 -> 0.020242836 | P58: =I58/H58-1 -> 0.023385736 | R58: 118.3322 | S58: 118.90906 | T58: 120.85581 | U58: 123.37509 | V58: 126.38725 | W58: 129.05769 | X58: 132.4986 | Z58: =S58/R58-1 -> 0.0048749568 | AA58: =T58/S58-1 -> 0.016371737 | AB58: =U58/T58-1 -> 0.020845336 | AC58: =V58/U58-1 -> 0.024414636 | AD58: =W58/V58-1 -> 0.021129091 | AE58: =X58/W58-1 -> 0.026661763 | AG58: =C58-R58 -> 0 | AH58: =D58-S58 -> 0 | AI58: =E58-T58 -> -0.029988937 | AJ58: =F58-U58 -> -0.20118418 | AK58: =G58-V58 -> -0.096336217 | AL58: =H58-W58 -> -0.2102977 | AM58: =I58-X58 -> -0.63801219 | AO58: =C58/R58-1 -> 0 | AP58: =D58/S58-1 -> 0 | AQ58: =E58/T58-1 -> -0.00024813815 | AR58: =F58/U58-1 -> -0.001630671 | AS58: =G58/V58-1 -> -0.00076223052 | AT58: =H58/W58-1 -> -0.0016294859 | AU58: =I58/X58-1 -> -0.0048152372
B60: Western markets | C60: =tbl_model!R61 -> 41.082533 | D60: =tbl_model!S61 -> 41.647535 | E60: =tbl_model!T61 -> 42.293709 | F60: =tbl_model!U61 -> 43.051254 | G60: =tbl_model!V61 -> 44.045798 | H60: =tbl_model!W61 -> 44.978184 | I60: =tbl_model!X61 -> 46.025532 | K60: =D60/C60-1 -> 0.013752863 | L60: =E60/D60-1 -> 0.015515294 | M60: =F60/E60-1 -> 0.017911537 | N60: =G60/F60-1 -> 0.023101401 | O60: =H60/G60-1 -> 0.021168558 | P60: =I60/H60-1 -> 0.023285688 | R60: 41.082533 | S60: 41.647535 | T60: 42.252473 | U60: 43.178204 | V60: 44.066492 | W60: 44.960731 | X60: 45.942754 | Z60: =S60/R60-1 -> 0.013752863 | AA60: =T60/S60-1 -> 0.014525189 | AB60: =U60/T60-1 -> 0.021909496 | AC60: =V60/U60-1 -> 0.020572609 | AD60: =W60/V60-1 -> 0.020292959 | AE60: =X60/W60-1 -> 0.021841785 | AG60: =C60-R60 -> 0 | AH60: =D60-S60 -> 0 | AI60: =E60-T60 -> 0.041235447 | AJ60: =F60-U60 -> -0.1269496 | AK60: =G60-V60 -> -0.020693631 | AL60: =H60-W60 -> 0.017452894 | AM60: =I60-X60 -> 0.082778231 | AO60: =C60/R60-1 -> 0 | AP60: =D60/S60-1 -> 0 | AQ60: =E60/T60-1 -> 0.00097592979 | AR60: =F60/U60-1 -> -0.0029401315 | AS60: =G60/V60-1 -> -0.00046960015 | AT60: =H60/W60-1 -> 0.00038818083 | AU60: =I60/X60-1 -> 0.001801769
B61: Arizona | C61: =tbl_model!R62 -> 13.311336 | D61: =tbl_model!S62 -> 13.489193 | E61: =tbl_model!T62 -> 13.773697 | F61: =tbl_model!U62 -> 14.011833 | G61: =tbl_model!V62 -> 14.304317 | H61: =tbl_model!W62 -> 14.602256 | I61: =tbl_model!X62 -> 14.89859 | K61: =D61/C61-1 -> 0.013361298 | L61: =E61/D61-1 -> 0.021091258 | M61: =F61/E61-1 -> 0.017289181 | N61: =G61/F61-1 -> 0.020874049 | O61: =H61/G61-1 -> 0.020828636 | P61: =I61/H61-1 -> 0.020293689 | R61: 13.311336 | S61: 13.489193 | T61: 13.773166 | U61: 14.082706 | V61: 14.350185 | W61: 14.620032 | X61: 14.863184 | Z61: =S61/R61-1 -> 0.013361298 | AA61: =T61/S61-1 -> 0.021051851 | AB61: =U61/T61-1 -> 0.02247414 | AC61: =V61/U61-1 -> 0.018993469 | AD61: =W61/V61-1 -> 0.018804438 | AE61: =X61/W61-1 -> 0.016631413 | AG61: =C61-R61 -> 0 | AH61: =D61-S61 -> 0 | AI61: =E61-T61 -> 0.00053157405 | AJ61: =F61-U61 -> -0.070872536 | AK61: =G61-V61 -> -0.045868281 | AL61: =H61-W61 -> -0.017776027 | AM61: =I61-X61 -> 0.035405838 | AO61: =C61/R61-1 -> 0 | AP61: =D61/S61-1 -> 0 | AQ61: =E61/T61-1 -> 3.8594907e-05 | AR61: =F61/U61-1 -> -0.0050325937 | AS61: =G61/V61-1 -> -0.0031963546 | AT61: =H61/W61-1 -> -0.0012158679 | AU61: =I61/X61-1 -> 0.0023821166
B62: Colorado | C62: =tbl_model!R63 -> 3.857911 | D62: =tbl_model!S63 -> 3.8906221 | E62: =tbl_model!T63 -> 3.9535679 | F62: =tbl_model!U63 -> 4.0106732 | G62: =tbl_model!V63 -> 4.06958 | H62: =tbl_model!W63 -> 4.1327105 | I62: =tbl_model!X63 -> 4.2075203 | K62: =D62/C62-1 -> 0.0084789723 | L62: =E62/D62-1 -> 0.016178841 | M62: =F62/E62-1 -> 0.014443995 | N62: =G62/F62-1 -> 0.014687511 | O62: =H62/G62-1 -> 0.015512781 | P62: =I62/H62-1 -> 0.01810187 | R62: 3.857911 | S62: 3.8906221 | T62: 3.8951701 | U62: 3.9717411 | V62: 4.0576558 | W62: 4.1416453 | X62: 4.2148637 | Z62: =S62/R62-1 -> 0.0084789723 | AA62: =T62/S62-1 -> 0.0011689564 | AB62: =U62/T62-1 -> 0.019657926 | AC62: =V62/U62-1 -> 0.02163151 | AD62: =W62/V62-1 -> 0.020699022 | AE62: =X62/W62-1 -> 0.017678562 | AG62: =C62-R62 -> 0 | AH62: =D62-S62 -> 0 | AI62: =E62-T62 -> 0.05839779 | AJ62: =F62-U62 -> 0.03893214 | AK62: =G62-V62 -> 0.011924189 | AL62: =H62-W62 -> -0.0089348142 | AM62: =I62-X62 -> -0.0073433595 | AO62: =C62/R62-1 -> 0 | AP62: =D62/S62-1 -> 0 | AQ62: =E62/T62-1 -> 0.014992359 | AR62: =F62/U62-1 -> 0.0098022855 | AS62: =G62/V62-1 -> 0.0029386891 | AT62: =H62/W62-1 -> -0.0021573103 | AU62: =I62/X62-1 -> -0.0017422532
B63: Nevada | C63: =tbl_model!R64 -> 9.2563826 | D63: =tbl_model!S64 -> 9.4049684 | E63: =tbl_model!T64 -> 9.4690031 | F63: =tbl_model!U64 -> 9.7328522 | G63: =tbl_model!V64 -> 9.9875205 | H63: =tbl_model!W64 -> 10.213372 | I63: =tbl_model!X64 -> 10.432003 | K63: =D63/C63-1 -> 0.016052254 | L63: =E63/D63-1 -> 0.0068086111 | M63: =F63/E63-1 -> 0.027864502 | N63: =G63/F63-1 -> 0.026165848 | O63: =H63/G63-1 -> 0.022613366 | P63: =I63/H63-1 -> 0.021406331 | R63: 9.2563826 | S63: 9.4049684 | T63: 9.5476511 | U63: 9.7740985 | V63: 9.9618592 | W63: 10.17926 | X63: 10.394756 | Z63: =S63/R63-1 -> 0.016052254 | AA63: =T63/S63-1 -> 0.015171001 | AB63: =U63/T63-1 -> 0.023717603 | AC63: =V63/U63-1 -> 0.01921002 | AD63: =W63/V63-1 -> 0.0218233 | AE63: =X63/W63-1 -> 0.021170171 | AG63: =C63-R63 -> 0 | AH63: =D63-S63 -> 0 | AI63: =E63-T63 -> -0.07864801 | AJ63: =F63-U63 -> -0.041246359 | AK63: =G63-V63 -> 0.025661339 | AL63: =H63-W63 -> 0.034112159 | AM63: =I63-X63 -> 0.03724631 | AO63: =C63/R63-1 -> 0 | AP63: =D63/S63-1 -> 0 | AQ63: =E63/T63-1 -> -0.0082374197 | AR63: =F63/U63-1 -> -0.0042199655 | AS63: =G63/V63-1 -> 0.0025759588 | AT63: =H63/W63-1 -> 0.0033511433 | AU63: =I63/X63-1 -> 0.0035831826
B64: Oregon | C64: =tbl_model!R65 -> 5.0483558 | D64: =tbl_model!S65 -> 5.0783051 | E64: =tbl_model!T65 -> 5.1294259 | F64: =tbl_model!U65 -> 5.1946339 | G64: =tbl_model!V65 -> 5.3257181 | H64: =tbl_model!W65 -> 5.4420354 | I64: =tbl_model!X65 -> 5.5971325 | K64: =D64/C64-1 -> 0.0059324791 | L64: =E64/D64-1 -> 0.010066518 | M64: =F64/E64-1 -> 0.012712525 | N64: =G64/F64-1 -> 0.025234546 | O64: =H64/G64-1 -> 0.021840692 | P64: =I64/H64-1 -> 0.028499832 | R64: 5.0483558 | S64: 5.0783051 | T64: 5.1349163 | U64: 5.2496506 | V64: 5.372991 | W64: 5.4857295 | X64: 5.6407769 | Z64: =S64/R64-1 -> 0.0059324791 | AA64: =T64/S64-1 -> 0.011147672 | AB64: =U64/T64-1 -> 0.022343949 | AC64: =V64/U64-1 -> 0.023494973 | AD64: =W64/V64-1 -> 0.020982445 | AE64: =X64/W64-1 -> 0.028263756 | AG64: =C64-R64 -> 0 | AH64: =D64-S64 -> 0 | AI64: =E64-T64 -> -0.0054904305 | AJ64: =F64-U64 -> -0.055016784 | AK64: =G64-V64 -> -0.047272961 | AL64: =H64-W64 -> -0.043694082 | AM64: =I64-X64 -> -0.043644308 | AO64: =C64/R64-1 -> 0 | AP64: =D64/S64-1 -> 0 | AQ64: =E64/T64-1 -> -0.0010692346 | AR64: =F64/U64-1 -> -0.010480085 | AS64: =G64/V64-1 -> -0.008798258 | AT64: =H64/W64-1 -> -0.0079650449 | AU64: =I64/X64-1 -> -0.0077372868
B65: Utah | C65: =tbl_model!R66 -> 3.5141316 | D65: =tbl_model!S66 -> 3.5785652 | E65: =tbl_model!T66 -> 3.6602643 | F65: =tbl_model!U66 -> 3.6936643 | G65: =tbl_model!V66 -> 3.7748291 | H65: =tbl_model!W66 -> 3.8507254 | I65: =tbl_model!X66 -> 3.9543049 | K65: =D65/C65-1 -> 0.018335584 | L65: =E65/D65-1 -> 0.022830131 | M65: =F65/E65-1 -> 0.0091250045 | N65: =G65/F65-1 -> 0.021974073 | O65: =H65/G65-1 -> 0.020105878 | P65: =I65/H65-1 -> 0.026898701 | R65: 3.5141316 | S65: 3.5785652 | T65: 3.6349623 | U65: 3.6986815 | V65: 3.771774 | W65: 3.8430446 | X65: 3.9445896 | Z65: =S65/R65-1 -> 0.018335584 | AA65: =T65/S65-1 -> 0.015759696 | AB65: =U65/T65-1 -> 0.01752953 | AC65: =V65/U65-1 -> 0.019761767 | AD65: =W65/V65-1 -> 0.018895783 | AE65: =X65/W65-1 -> 0.026423068 | AG65: =C65-R65 -> 0 | AH65: =D65-S65 -> 0 | AI65: =E65-T65 -> 0.025302012 | AJ65: =F65-U65 -> -0.0050172398 | AK65: =G65-V65 -> 0.0030551289 | AL65: =H65-W65 -> 0.0076807596 | AM65: =I65-X65 -> 0.0097152422 | AO65: =C65/R65-1 -> 0 | AP65: =D65/S65-1 -> 0 | AQ65: =E65/T65-1 -> 0.0069607357 | AR65: =F65/U65-1 -> -0.0013564941 | AS65: =G65/V65-1 -> 0.00080999786 | AT65: =H65/W65-1 -> 0.0019986132 | AU65: =I65/X65-1 -> 0.0024629285
B66: Washington | C66: =tbl_model!R67 -> 6.0944151 | D66: =tbl_model!S67 -> 6.205881 | E66: =tbl_model!T67 -> 6.3077502 | F66: =tbl_model!U67 -> 6.4075973 | G66: =tbl_model!V67 -> 6.5838337 | H66: =tbl_model!W67 -> 6.7370848 | I66: =tbl_model!X67 -> 6.9359819 | K66: =D66/C66-1 -> 0.01828984 | L66: =E66/D66-1 -> 0.016414946 | M66: =F66/E66-1 -> 0.015829279 | N66: =G66/F66-1 -> 0.027504283 | O66: =H66/G66-1 -> 0.023276872 | P66: =I66/H66-1 -> 0.029522727 | R66: 6.0944151 | S66: 6.205881 | T66: 6.2666077 | U66: 6.4013262 | V66: 6.5520268 | W66: 6.6910199 | X66: 6.8845834 | Z66: =S66/R66-1 -> 0.01828984 | AA66: =T66/S66-1 -> 0.0097853458 | AB66: =U66/T66-1 -> 0.02149783 | AC66: =V66/U66-1 -> 0.02354209 | AD66: =W66/V66-1 -> 0.021213758 | AE66: =X66/W66-1 -> 0.028928849 | AG66: =C66-R66 -> 0 | AH66: =D66-S66 -> 0 | AI66: =E66-T66 -> 0.041142512 | AJ66: =F66-U66 -> 0.0062711804 | AK66: =G66-V66 -> 0.031806954 | AL66: =H66-W66 -> 0.046064899 | AM66: =I66-X66 -> 0.051398508 | AO66: =C66/R66-1 -> 0 | AP66: =D66/S66-1 -> 0 | AQ66: =E66/T66-1 -> 0.0065653562 | AR66: =F66/U66-1 -> 0.00097966894 | AS66: =G66/V66-1 -> 0.0048545214 | AT66: =H66/W66-1 -> 0.0068845856 | AU66: =I66/X66-1 -> 0.0074657398
B68: Rest of West | C68: =tbl_model!R69 -> 4.8044141 | D68: =tbl_model!S69 -> 4.8939136 | E68: =tbl_model!T69 -> 5.0018562 | F68: =tbl_model!U69 -> 5.1001127 | G68: =tbl_model!V69 -> 5.221029 | H68: =tbl_model!W69 -> 5.3422817 | I68: =tbl_model!X69 -> 5.4858102 | K68: =D68/C68-1 -> 0.018628591 | L68: =E68/D68-1 -> 0.022056505 | M68: =F68/E68-1 -> 0.019644006 | N68: =G68/F68-1 -> 0.023708555 | O68: =H68/G68-1 -> 0.023223906 | P68: =I68/H68-1 -> 0.026866527 | R68: 4.8044141 | S68: 4.8939136 | T68: 4.9682745 | U68: 5.0832969 | V68: 5.1899194 | W68: 5.303684 | X68: 5.4429856 | Z68: =S68/R68-1 -> 0.018628591 | AA68: =T68/S68-1 -> 0.01519457 | AB68: =U68/T68-1 -> 0.023151385 | AC68: =V68/U68-1 -> 0.02097506 | AD68: =W68/V68-1 -> 0.021920304 | AE68: =X68/W68-1 -> 0.02626506 | AG68: =C68-R68 -> 0 | AH68: =D68-S68 -> 0 | AI68: =E68-T68 -> 0.033581718 | AJ68: =F68-U68 -> 0.016815777 | AK68: =G68-V68 -> 0.031109622 | AL68: =H68-W68 -> 0.038597698 | AM68: =I68-X68 -> 0.042824673 | AO68: =C68/R68-1 -> 0 | AP68: =D68/S68-1 -> 0 | AQ68: =E68/T68-1 -> 0.0067592316 | AR68: =F68/U68-1 -> 0.0033080454 | AS68: =G68/V68-1 -> 0.0059942399 | AT68: =H68/W68-1 -> 0.007277526 | AU68: =I68/X68-1 -> 0.0078678645
B69: Idaho | C69: =tbl_model!R70 -> 1.9248964 | D69: =tbl_model!S70 -> 1.9503012 | E69: =tbl_model!T70 -> 1.9936489 | F69: =tbl_model!U70 -> 2.032336 | G69: =tbl_model!V70 -> 2.0793164 | H69: =tbl_model!W70 -> 2.1283311 | I69: =tbl_model!X70 -> 2.1826017 | K69: =D69/C69-1 -> 0.013198005 | L69: =E69/D69-1 -> 0.022226142 | M69: =F69/E69-1 -> 0.019405166 | N69: =G69/F69-1 -> 0.023116472 | O69: =H69/G69-1 -> 0.023572503 | P69: =I69/H69-1 -> 0.025499101 | R69: 1.9248964 | S69: 1.9503012 | T69: 1.9709422 | U69: 2.0097158 | V69: 2.0513334 | W69: 2.0963288 | X69: 2.1477014 | Z69: =S69/R69-1 -> 0.013198005 | AA69: =T69/S69-1 -> 0.010583478 | AB69: =U69/T69-1 -> 0.019672607 | AC69: =V69/U69-1 -> 0.020708225 | AD69: =W69/V69-1 -> 0.021934696 | AE69: =X69/W69-1 -> 0.024506 | AG69: =C69-R69 -> 0 | AH69: =D69-S69 -> 0 | AI69: =E69-T69 -> 0.022706702 | AJ69: =F69-U69 -> 0.022620219 | AK69: =G69-V69 -> 0.027983011 | AL69: =H69-W69 -> 0.032002329 | AM69: =I69-X69 -> 0.034900226 | AO69: =C69/R69-1 -> 0 | AP69: =D69/S69-1 -> 0 | AQ69: =E69/T69-1 -> 0.011520735 | AR69: =F69/U69-1 -> 0.011255432 | AS69: =G69/V69-1 -> 0.013641376 | AT69: =H69/W69-1 -> 0.015265892 | AU69: =I69/X69-1 -> 0.016250036
B70: Montana | C70: =tbl_model!R71 -> 1.4510715 | D70: =tbl_model!S71 -> 1.48725 | E70: =tbl_model!T71 -> 1.5055624 | F70: =tbl_model!U71 -> 1.5370594 | G70: =tbl_model!V71 -> 1.5749348 | H70: =tbl_model!W71 -> 1.6103995 | I70: =tbl_model!X71 -> 1.656094 | K70: =D70/C70-1 -> 0.024932223 | L70: =E70/D70-1 -> 0.012312935 | M70: =F70/E70-1 -> 0.020920451 | N70: =G70/F70-1 -> 0.02464143 | O70: =H70/G70-1 -> 0.022518233 | P70: =I70/H70-1 -> 0.028374625 | R70: 1.4510715 | S70: 1.48725 | T70: 1.5151273 | U70: 1.5515772 | V70: 1.5866773 | W70: 1.6210774 | X70: 1.6666251 | Z70: =S70/R70-1 -> 0.024932223 | AA70: =T70/S70-1 -> 0.018744241 | AB70: =U70/T70-1 -> 0.024057315 | AC70: =V70/U70-1 -> 0.02262217 | AD70: =W70/V70-1 -> 0.021680593 | AE70: =X70/W70-1 -> 0.028097182 | AG70: =C70-R70 -> 0 | AH70: =D70-S70 -> 0 | AI70: =E70-T70 -> -0.0095649597 | AJ70: =F70-U70 -> -0.01451781 | AK70: =G70-V70 -> -0.011742513 | AL70: =H70-W70 -> -0.010677869 | AM70: =I70-X70 -> -0.010531094 | AO70: =C70/R70-1 -> 0 | AP70: =D70/S70-1 -> 0 | AQ70: =E70/T70-1 -> -0.0063129742 | AR70: =F70/U70-1 -> -0.0093568079 | AS70: =G70/V70-1 -> -0.0074006938 | AT70: =H70/W70-1 -> -0.0065868969 | AU70: =I70/X70-1 -> -0.0063188142
... B78: Rest of US | C78: =tbl_model!R79 -> 30.185751 | D78: =tbl_model!S79 -> 30.561062 | E78: =tbl_model!T79 -> 31.23931 | F78: =tbl_model!U79 -> 31.625182 | G78: =tbl_model!V79 -> 32.454509 | H78: =tbl_model!W79 -> 33.281263 | I78: =tbl_model!X79 -> 34.279422 | K78: =D78/C78-1 -> 0.012433356 | L78: =E78/D78-1 -> 0.022193233 | M78: =F78/E78-1 -> 0.012352106 | N78: =G78/F78-1 -> 0.026223636 | O78: =H78/G78-1 -> 0.025474248 | P78: =I78/H78-1 -> 0.029991609 | R78: 30.185751 | S78: 30.561062 | T78: 30.997946 | U78: 31.642738 | V78: 32.387661 | W78: 33.169978 | X78: 34.148683 | Z78: =S78/R78-1 -> 0.012433356 | AA78: =T78/S78-1 -> 0.014295445 | AB78: =U78/T78-1 -> 0.020801132 | AC78: =V78/U78-1 -> 0.023541686 | AD78: =W78/V78-1 -> 0.024154778 | AE78: =X78/W78-1 -> 0.029505758 | AG78: =C78-R78 -> 0 | AH78: =D78-S78 -> 0 | AI78: =E78-T78 -> 0.2413648 | AJ78: =F78-U78 -> -0.01755628 | AK78: =G78-V78 -> 0.066847588 | AL78: =H78-W78 -> 0.11128503 | AM78: =I78-X78 -> 0.13073829 | AO78: =C78/R78-1 -> 0 | AP78: =D78/S78-1 -> 0 | AQ78: =E78/T78-1 -> 0.0077864772 | AR78: =F78/U78-1 -> -0.00055482811 | AS78: =G78/V78-1 -> 0.0020639832 | AT78: =H78/W78-1 -> 0.0033549925 | AU78: =I78/X78-1 -> 0.0038285017
B80: Source: Tourism Economics; STR; Omnitrak (domestic); OAG (air traffic); Dean Runyan (spending); VisaVue
B84: Annual domestic travel spending in California (billions)
C87: 2024 | D87: 2025 | E87: 2026 | F87: 2027 | G87: 2028 | H87: 2029 | I87: 2030 | K87: 2025 | L87: 2026 | M87: 2027 | N87: 2028 | O87: 2029 | P87: 2030 | R87: 2024 | S87: 2025 | T87: 2026 | U87: 2027 | V87: 2028 | W87: 2029 | X87: 2030 | Z87: 2025 | AA87: 2026 | AB87: 2027 | AC87: 2028 | AD87: 2029 | AE87: 2030 | AG87: 2024 | AH87: 2025 | AI87: 2026 | AJ87: 2027 | AK87: 2028 | AL87: 2029 | AM87: 2030 | AO87: 2024 | AP87: 2025 | AQ87: 2026 | AR87: 2027 | AS87: 2028 | AT87: 2029 | AU87: 2030
B89: California | C89: =tbl_model!R90 -> 28.906196 | D89: =tbl_model!S90 -> 29.489942 | E89: =tbl_model!T90 -> 30.967084 | F89: =tbl_model!U90 -> 31.915891 | G89: =tbl_model!V90 -> 33.155171 | H89: =tbl_model!W90 -> 34.518234 | I89: =tbl_model!X90 -> 36.024539 | K89: =D89/C89-1 -> 0.020194481 | L89: =E89/D89-1 -> 0.050089705 | M89: =F89/E89-1 -> 0.030639203 | N89: =G89/F89-1 -> 0.038829558 | O89: =H89/G89-1 -> 0.041111619 | P89: =I89/H89-1 -> 0.04363796 | R89: 28.906196 | S89: 29.489942 | T89: 30.819348 | U89: 31.484606 | V89: 32.651219 | W89: 34.025073 | X89: 35.506897 | Z89: =S89/R89-1 -> 0.020194481 | AA89: =T89/S89-1 -> 0.04507997 | AB89: =U89/T89-1 -> 0.021585743 | AC89: =V89/U89-1 -> 0.037053426 | AD89: =W89/V89-1 -> 0.042076667 | AE89: =X89/W89-1 -> 0.043550951 | AG89: =C89-R89 -> 0 | AH89: =D89-S89 -> 0 | AI89: =E89-T89 -> 0.14773678 | AJ89: =F89-U89 -> 0.43128504 | AK89: =G89-V89 -> 0.50395246 | AL89: =H89-W89 -> 0.49316077 | AM89: =I89-X89 -> 0.51764179 | AO89: =C89/R89-1 -> 0 | AP89: =D89/S89-1 -> 0 | AQ89: =E89/T89-1 -> 0.0047936375 | AR89: =F89/U89-1 -> 0.013698283 | AS89: =G89/V89-1 -> 0.015434415 | AT89: =H89/W89-1 -> 0.01449404 | AU89: =I89/X89-1 -> 0.014578626
B90: Western markets | C90: =tbl_model!R91 -> 33.188638 | D90: =tbl_model!S91 -> 34.063039 | E90: =tbl_model!T91 -> 35.747976 | F90: =tbl_model!U91 -> 36.788256 | G90: =tbl_model!V91 -> 38.134564 | H90: =tbl_model!W91 -> 39.738362 | I90: =tbl_model!X91 -> 41.468409 | K90: =D90/C90-1 -> 0.026346408 | L90: =E90/D90-1 -> 0.049465262 | M90: =F90/E90-1 -> 0.029100376 | N90: =G90/F90-1 -> 0.036596151 | O90: =H90/G90-1 -> 0.042056276 | P90: =I90/H90-1 -> 0.043535932 | R90: 33.188638 | S90: 34.063039 | T90: 35.527189 | U90: 36.476452 | V90: 37.638889 | W90: 39.222608 | X90: 40.93079 | Z90: =S90/R90-1 -> 0.026346408 | AA90: =T90/S90-1 -> 0.042983521 | AB90: =U90/T90-1 -> 0.02671934 | AC90: =V90/U90-1 -> 0.031868159 | AD90: =W90/V90-1 -> 0.042076667 | AE90: =X90/W90-1 -> 0.043550951 | AG90: =C90-R90 -> 0 | AH90: =D90-S90 -> 0 | AI90: =E90-T90 -> 0.2207878 | AJ90: =F90-U90 -> 0.31180433 | AK90: =G90-V90 -> 0.49567554 | AL90: =H90-W90 -> 0.51575433 | AM90: =I90-X90 -> 0.53761911 | AO90: =C90/R90-1 -> 0 | AP90: =D90/S90-1 -> 0 | AQ90: =E90/T90-1 -> 0.0062146152 | AR90: =F90/U90-1 -> 0.0085480993 | AS90: =G90/V90-1 -> 0.013169239 | AT90: =H90/W90-1 -> 0.013149415 | AU90: =I90/X90-1 -> 0.013134834
B91: Rest of West | C91: =tbl_model!R92 -> 5.2061702 | D91: =tbl_model!S92 -> 5.3540101 | E91: =tbl_model!T92 -> 5.6550401 | F91: =tbl_model!U92 -> 5.8295088 | G91: =tbl_model!V92 -> 6.0464325 | H91: =tbl_model!W92 -> 6.3134046 | I91: =tbl_model!X92 -> 6.6113192 | K91: =D91/C91-1 -> 0.02839705 | L91: =E91/D91-1 -> 0.056225154 | M91: =F91/E91-1 -> 0.030851888 | N91: =G91/F91-1 -> 0.037211314 | O91: =H91/G91-1 -> 0.044153666 | P91: =I91/H91-1 -> 0.047187633 | R91: 5.2061702 | S91: 5.3540101 | T91: 5.5841443 | U91: 5.7333489 | V91: 5.9517349 | W91: 6.2083663 | X91: 6.4852253 | Z91: =S91/R91-1 -> 0.02839705 | AA91: =T91/S91-1 -> 0.042983521 | AB91: =U91/T91-1 -> 0.02671934 | AC91: =V91/U91-1 -> 0.03809048 | AD91: =W91/V91-1 -> 0.043118744 | AE91: =X91/W91-1 -> 0.044594502 | AG91: =C91-R91 -> 0 | AH91: =D91-S91 -> 0 | AI91: =E91-T91 -> 0.070895839 | AJ91: =F91-U91 -> 0.096159857 | AK91: =G91-V91 -> 0.094697529 | AL91: =H91-W91 -> 0.10503835 | AM91: =I91-X91 -> 0.12609398 | AO91: =C91/R91-1 -> 0 | AP91: =D91/S91-1 -> 0 | AQ91: =E91/T91-1 -> 0.012695918 | AR91: =F91/U91-1 -> 0.016772022 | AS91: =G91/V91-1 -> 0.015910912 | AT91: =H91/W91-1 -> 0.01691884 | AU91: =I91/X91-1 -> 0.019443268
B92: Rest of US | C92: =tbl_model!R93 -> 62.853251 | D92: =tbl_model!S93 -> 64.542911 | E92: =tbl_model!T93 -> 67.879456 | F92: =tbl_model!U93 -> 69.918658 | G92: =tbl_model!V93 -> 72.691659 | H92: =tbl_model!W93 -> 75.827015 | I92: =tbl_model!X93 -> 79.357583 | K92: =D92/C92-1 -> 0.026882624 | L92: =E92/D92-1 -> 0.051694987 | M92: =F92/E92-1 -> 0.030041513 | N92: =G92/F92-1 -> 0.03966039 | O92: =H92/G92-1 -> 0.043132275 | P92: =I92/H92-1 -> 0.046560814 | R92: 62.853251 | S92: 64.542911 | T92: 67.954796 | U92: 69.928717 | V92: 72.70301 | W92: 75.755908 | X92: 79.048671 | Z92: =S92/R92-1 -> 0.026882624 | AA92: =T92/S92-1 -> 0.05286227 | AB92: =U92/T92-1 -> 0.029047565 | AC92: =V92/U92-1 -> 0.039673156 | AD92: =W92/V92-1 -> 0.041991359 | AE92: =X92/W92-1 -> 0.043465429 | AG92: =C92-R92 -> 0 | AH92: =D92-S92 -> 0 | AI92: =E92-T92 -> -0.0753398 | AJ92: =F92-U92 -> -0.010059587 | AK92: =G92-V92 -> -0.011351284 | AL92: =H92-W92 -> 0.071107129 | AM92: =I92-X92 -> 0.30891159 | AO92: =C92/R92-1 -> 0 | AP92: =D92/S92-1 -> 0 | AQ92: =E92/T92-1 -> -0.0011086753 | AR92: =F92/U92-1 -> -0.00014385487 | AS92: =G92/V92-1 -> -0.00015613225 | AT92: =H92/W92-1 -> 0.00093863476 | AU92: =I92/X92-1 -> 0.0039078657
B99: Annual international trips to California (thousands)
C101: 2024 | D101: 2025 | E101: 2026 | F101: 2027 | G101: 2028 | H101: 2029 | I101: 2030 | K101: 2025 | L101: 2026 | M101: 2027 | N101: 2028 | O101: 2029 | P101: 2030 | R101: 2024 | S101: 2025 | T101: 2026 | U101: 2027 | V101: 2028 | W101: 2029 | X101: 2030 | Z101: 2025 | AA101: 2026 | AB101: 2027 | AC101: 2028 | AD101: 2029 | AE101: 2030 | AG101: 2024 | AH101: 2025 | AI101: 2026 | AJ101: 2027 | AK101: 2028 | AL101: 2029 | AM101: 2030 | AO101: 2024 | AP101: 2025 | AQ101: 2026 | AR101: 2027 | AS101: 2028 | AT101: 2029 | AU101: 2030
B103: Total | C103: =tbl_model!R104 -> 16516.406 | D103: =tbl_model!S104 -> 16407.089 | E103: =tbl_model!T104 -> 16795.061 | F103: =tbl_model!U104 -> 17292.424 | G103: =tbl_model!V104 -> 17964.969 | H103: =tbl_model!W104 -> 18763.757 | I103: =tbl_model!X104 -> 19548.257 | K103: =D103/C103-1 -> -0.0066187189 | L103: =E103/D103-1 -> 0.023646594 | M103: =F103/E103-1 -> 0.029613695 | N103: =G103/F103-1 -> 0.038892445 | O103: =H103/G103-1 -> 0.044463655 | P103: =I103/H103-1 -> 0.041809323 | R103: 16516.406 | S103: 16407.089 | T103: 16804.192 | U103: 17456.358 | V103: 18186.821 | W103: 18917.028 | X103: 19651.401 | Z103: =S103/R103-1 -> -0.0066187189 | AA103: =T103/S103-1 -> 0.024203133 | AB103: =U103/T103-1 -> 0.038809711 | AC103: =V103/U103-1 -> 0.041845139 | AD103: =W103/V103-1 -> 0.040150311 | AE103: =X103/W103-1 -> 0.038820744 | AG103: =C103-R103 -> 0 | AH103: =D103-S103 -> 0 | AI103: =E103-T103 -> -9.1311787 | AJ103: =F103-U103 -> -163.93321 | AK103: =G103-V103 -> -221.85225 | AL103: =H103-W103 -> -153.2706 | AM103: =I103-X103 -> -103.1437 | AO103: =C103/R103-1 -> 0 | AP103: =D103/S103-1 -> 0 | AQ103: =E103/T103-1 -> -0.00054338696 | AR103: =F103/U103-1 -> -0.0093910319 | AS103: =G103/V103-1 -> -0.012198517 | AT103: =H103/W103-1 -> -0.0081022556 | AU103: =I103/X103-1 -> -0.0052486689
B105: China | C105: =tbl_model!R106 -> 647 | D105: =tbl_model!S106 -> 599 | E105: =tbl_model!T106 -> 610.26371 | F105: =tbl_model!U106 -> 677.12363 | G105: =tbl_model!V106 -> 757.67778 | H105: =tbl_model!W106 -> 845.14511 | I105: =tbl_model!X106 -> 934.59784 | K105: =D105/C105-1 -> -0.074188563 | L105: =E105/D105-1 -> 0.018804193 | M105: =F105/E105-1 -> 0.10955906 | N105: =G105/F105-1 -> 0.11896521 | O105: =H105/G105-1 -> 0.11544133 | P105: =I105/H105-1 -> 0.10584304 | R105: 647 | S105: 599 | T105: 622.28742 | U105: 695.0432 | V105: 769.46947 | W105: 848.15493 | X105: 939.46617 | Z105: =S105/R105-1 -> -0.074188563 | AA105: =T105/S105-1 -> 0.038877155 | AB105: =U105/T105-1 -> 0.11691669 | AC105: =V105/U105-1 -> 0.10708151 | AD105: =W105/V105-1 -> 0.10225936 | AE105: =X105/W105-1 -> 0.10765868 | AG105: =C105-R105 -> 0 | AH105: =D105-S105 -> 0 | AI105: =E105-T105 -> -12.023704 | AJ105: =F105-U105 -> -17.91957 | AK105: =G105-V105 -> -11.791689 | AL105: =H105-W105 -> -3.0098161 | AM105: =I105-X105 -> -4.8683259 | AO105: =C105/R105-1 -> 0 | AP105: =D105/S105-1 -> 0 | AQ105: =E105/T105-1 -> -0.019321786 | AR105: =F105/U105-1 -> -0.025781951 | AS105: =G105/V105-1 -> -0.015324441 | AT105: =H105/W105-1 -> -0.0035486631 | AU105: =I105/X105-1 -> -0.005182013
B106: India | C106: =tbl_model!R107 -> 602 | D106: =tbl_model!S107 -> 666 | E106: =tbl_model!T107 -> 608.86141 | F106: =tbl_model!U107 -> 631.68046 | G106: =tbl_model!V107 -> 659.48599 | H106: =tbl_model!W107 -> 688.37126 | I106: =tbl_model!X107 -> 715.41631 | K106: =D106/C106-1 -> 0.10631229 | L106: =E106/D106-1 -> -0.085793675 | M106: =F106/E106-1 -> 0.03747823 | N106: =G106/F106-1 -> 0.044018343 | O106: =H106/G106-1 -> 0.043799681 | P106: =I106/H106-1 -> 0.039288453 | R106: 602 | S106: 666 | T106: 642.59161 | U106: 665.34555 | V106: 692.35611 | W106: 718.91673 | X106: 744.56958 | Z106: =S106/R106-1 -> 0.10631229 | AA106: =T106/S106-1 -> -0.035147739 | AB106: =U106/T106-1 -> 0.035409646 | AC106: =V106/U106-1 -> 0.040596297 | AD106: =W106/V106-1 -> 0.038362647 | AE106: =X106/W106-1 -> 0.035682644 | AG106: =C106-R106 -> 0 | AH106: =D106-S106 -> 0 | AI106: =E106-T106 -> -33.730193 | AJ106: =F106-U106 -> -33.665087 | AK106: =G106-V106 -> -32.870125 | AL106: =H106-W106 -> -30.545463 | AM106: =I106-X106 -> -29.153271 | AO106: =C106/R106-1 -> 0 | AP106: =D106/S106-1 -> 0 | AQ106: =E106/T106-1 -> -0.052490872 | AR106: =F106/U106-1 -> -0.050597899 | AS106: =G106/V106-1 -> -0.04747575 | AT106: =H106/W106-1 -> -0.04248818 | AU106: =I106/X106-1 -> -0.039154529
B107: Japan | C107: =tbl_model!R108 -> 377 | D107: =tbl_model!S108 -> 410 | E107: =tbl_model!T108 -> 448.09605 | F107: =tbl_model!U108 -> 477.01938 | G107: =tbl_model!V108 -> 512.1501 | H107: =tbl_model!W108 -> 557.89985 | I107: =tbl_model!X108 -> 610.41823 | K107: =D107/C107-1 -> 0.087533156 | L107: =E107/D107-1 -> 0.092917196 | M107: =F107/E107-1 -> 0.064547161 | N107: =G107/F107-1 -> 0.073646316 | O107: =H107/G107-1 -> 0.089328804 | P107: =I107/H107-1 -> 0.094135854 | R107: 377 | S107: 410 | T107: 418.97718 | U107: 442.82346 | V107: 479.77669 | W107: 515.3874 | X107: 560.10721 | Z107: =S107/R107-1 -> 0.087533156 | AA107: =T107/S107-1 -> 0.021895568 | AB107: =U107/T107-1 -> 0.056915467 | AC107: =V107/U107-1 -> 0.083449122 | AD107: =W107/V107-1 -> 0.074223495 | AE107: =X107/W107-1 -> 0.086769313 | AG107: =C107-R107 -> 0 | AH107: =D107-S107 -> 0 | AI107: =E107-T107 -> 29.118868 | AJ107: =F107-U107 -> 34.195913 | AK107: =G107-V107 -> 32.373403 | AL107: =H107-W107 -> 42.512456 | AM107: =I107-X107 -> 50.311025 | AO107: =C107/R107-1 -> 0 | AP107: =D107/S107-1 -> 0 | AQ107: =E107/T107-1 -> 0.069499889 | AR107: =F107/U107-1 -> 0.077222451 | AS107: =G107/V107-1 -> 0.067475982 | AT107: =H107/W107-1 -> 0.08248641 | AU107: =I107/X107-1 -> 0.08982392
B108: South Korea | C108: =tbl_model!R109 -> 435 | D108: =tbl_model!S109 -> 368 | E108: =tbl_model!T109 -> 324.0283 | F108: =tbl_model!U109 -> 352.13475 | G108: =tbl_model!V109 -> 389.57537 | H108: =tbl_model!W109 -> 439.68103 | I108: =tbl_model!X109 -> 487.99514 | K108: =D108/C108-1 -> -0.15402299 | L108: =E108/D108-1 -> -0.11948833 | M108: =F108/E108-1 -> 0.086740748 | N108: =G108/F108-1 -> 0.10632469 | O108: =H108/G108-1 -> 0.12861608 | P108: =I108/H108-1 -> 0.10988446 | R108: 435 | S108: 368 | T108: 382.45982 | U108: 422.84452 | V108: 461.30699 | W108: 501.43062 | X108: 542.06566 | Z108: =S108/R108-1 -> -0.15402299 | AA108: =T108/S108-1 -> 0.039292987 | AB108: =U108/T108-1 -> 0.105592 | AC108: =V108/U108-1 -> 0.09096128 | AD108: =W108/V108-1 -> 0.086978137 | AE108: =X108/W108-1 -> 0.081038224 | AG108: =C108-R108 -> 0 | AH108: =D108-S108 -> 0 | AI108: =E108-T108 -> -58.431523 | AJ108: =F108-U108 -> -70.709762 | AK108: =G108-V108 -> -71.731621 | AL108: =H108-W108 -> -61.749588 | AM108: =I108-X108 -> -54.070523 | AO108: =C108/R108-1 -> 0 | AP108: =D108/S108-1 -> 0 | AQ108: =E108/T108-1 -> -0.1527782 | AR108: =F108/U108-1 -> -0.16722403 | AS108: =G108/V108-1 -> -0.1554965 | AT108: =H108/W108-1 -> -0.12314682 | AU108: =I108/X108-1 -> -0.099749028
B109: Australia | C109: =tbl_model!R110 -> 432 | D109: =tbl_model!S110 -> 410 | E109: =tbl_model!T110 -> 385.73261 | F109: =tbl_model!U110 -> 402.45 | G109: =tbl_model!V110 -> 425.68228 | H109: =tbl_model!W110 -> 464.17295 | I109: =tbl_model!X110 -> 501.09324 | K109: =D109/C109-1 -> -0.050925926 | L109: =E109/D109-1 -> -0.05918876 | M109: =F109/E109-1 -> 0.043339329 | N109: =G109/F109-1 -> 0.057727119 | O109: =H109/G109-1 -> 0.090421125 | P109: =I109/H109-1 -> 0.079539932 | R109: 432 | S109: 410 | T109: 416.7638 | U109: 435.90349 | V109: 462.22539 | W109: 499.90432 | X109: 537.86697 | Z109: =S109/R109-1 -> -0.050925926 | AA109: =T109/S109-1 -> 0.016497074 | AB109: =U109/T109-1 -> 0.045924557 | AC109: =V109/U109-1 -> 0.06038469 | AD109: =W109/V109-1 -> 0.081516362 | AE109: =X109/W109-1 -> 0.075939824 | AG109: =C109-R109 -> 0 | AH109: =D109-S109 -> 0 | AI109: =E109-T109 -> -31.031192 | AJ109: =F109-U109 -> -33.453493 | AK109: =G109-V109 -> -36.543111 | AL109: =H109-W109 -> -35.731372 | AM109: =I109-X109 -> -36.773734 | AO109: =C109/R109-1 -> 0 | AP109: =D109/S109-1 -> 0 | AQ109: =E109/T109-1 -> -0.074457503 | AR109: =F109/U109-1 -> -0.076745181 | AS109: =G109/V109-1 -> -0.079059073 | AT109: =H109/W109-1 -> -0.071476422 | AU109: =I109/X109-1 -> -0.068369571
B110: United Kingdom | C110: =tbl_model!R111 -> 630 | D110: =tbl_model!S111 -> 599 | E110: =tbl_model!T111 -> 608.9988 | F110: =tbl_model!U111 -> 630.91674 | G110: =tbl_model!V111 -> 664.10523 | H110: =tbl_model!W111 -> 707.45063 | I110: =tbl_model!X111 -> 748.29401 | K110: =D110/C110-1 -> -0.049206349 | L110: =E110/D110-1 -> 0.016692483 | M110: =F110/E110-1 -> 0.03599012 | N110: =G110/F110-1 -> 0.052603597 | O110: =H110/G110-1 -> 0.065268876 | P110: =I110/H110-1 -> 0.057733184 | R110: 630 | S110: 599 | T110: 612.58986 | U110: 641.0816 | V110: 674.24862 | W110: 714.89426 | X110: 752.70121 | Z110: =S110/R110-1 -> -0.049206349 | AA110: =T110/S110-1 -> 0.022687575 | AB110: =U110/T110-1 -> 0.046510301 | AC110: =V110/U110-1 -> 0.051736048 | AD110: =W110/V110-1 -> 0.060282854 | AE110: =X110/W110-1 -> 0.052884678 | AG110: =C110-R110 -> 0 | AH110: =D110-S110 -> 0 | AI110: =E110-T110 -> -3.5910597 | AJ110: =F110-U110 -> -10.164859 | AK110: =G110-V110 -> -10.143397 | AL110: =H110-W110 -> -7.4436266 | AM110: =I110-X110 -> -4.407202 | AO110: =C110/R110-1 -> 0 | AP110: =D110/S110-1 -> 0 | AQ110: =E110/T110-1 -> -0.0058620946 | AR110: =F110/U110-1 -> -0.015855796 | AS110: =G110/V110-1 -> -0.015044001 | AT110: =H110/W110-1 -> -0.010412207 | AU110: =I110/X110-1 -> -0.0058551813
B111: Germany | C111: =tbl_model!R112 -> 426 | D111: =tbl_model!S112 -> 384 | E111: =tbl_model!T112 -> 348.87323 | F111: =tbl_model!U112 -> 361.64332 | G111: =tbl_model!V112 -> 376.95728 | H111: =tbl_model!W112 -> 402.70382 | I111: =tbl_model!X112 -> 426.52984 | K111: =D111/C111-1 -> -0.098591549 | L111: =E111/D111-1 -> -0.091475953 | M111: =F111/E111-1 -> 0.036603793 | N111: =G111/F111-1 -> 0.042345498 | O111: =H111/G111-1 -> 0.06830095 | P111: =I111/H111-1 -> 0.059165122 | R111: 426 | S111: 384 | T111: 389.38833 | U111: 407.14367 | V111: 424.48099 | W111: 446.14842 | X111: 469.20774 | Z111: =S111/R111-1 -> -0.098591549 | AA111: =T111/S111-1 -> 0.014032122 | AB111: =U111/T111-1 -> 0.045598008 | AC111: =V111/U111-1 -> 0.042582817 | AD111: =W111/V111-1 -> 0.051044511 | AE111: =X111/W111-1 -> 0.051685308 | AG111: =C111-R111 -> 0 | AH111: =D111-S111 -> 0 | AI111: =E111-T111 -> -40.515101 | AJ111: =F111-U111 -> -45.50035 | AK111: =G111-V111 -> -47.523708 | AL111: =H111-W111 -> -43.444593 | AM111: =I111-X111 -> -42.67789 | AO111: =C111/R111-1 -> 0 | AP111: =D111/S111-1 -> 0 | AQ111: =E111/T111-1 -> -0.10404806 | AR111: =F111/U111-1 -> -0.11175502 | AS111: =G111/V111-1 -> -0.11195721 | AT111: =H111/W111-1 -> -0.097376996 | AU111: =I111/X111-1 -> -0.090957346
B112: France | C112: =tbl_model!R113 -> 412 | D112: =tbl_model!S113 -> 404 | E112: =tbl_model!T113 -> 348.71227 | F112: =tbl_model!U113 -> 362.03435 | G112: =tbl_model!V113 -> 381.45555 | H112: =tbl_model!W113 -> 408.32762 | I112: =tbl_model!X113 -> 437.51859 | K112: =D112/C112-1 -> -0.019417476 | L112: =E112/D112-1 -> -0.13685081 | M112: =F112/E112-1 -> 0.038203635 | N112: =G112/F112-1 -> 0.053644634 | O112: =H112/G112-1 -> 0.070446144 | P112: =I112/H112-1 -> 0.071489092 | R112: 412 | S112: 404 | T112: 415.08354 | U112: 438.14975 | V112: 460.82303 | W112: 488.2778 | X112: 515.98241 | Z112: =S112/R112-1 -> -0.019417476 | AA112: =T112/S112-1 -> 0.027434515 | AB112: =U112/T112-1 -> 0.055570042 | AC112: =V112/U112-1 -> 0.05174778 | AD112: =W112/V112-1 -> 0.059577681 | AE112: =X112/W112-1 -> 0.056739441 | AG112: =C112-R112 -> 0 | AH112: =D112-S112 -> 0 | AI112: =E112-T112 -> -66.371272 | AJ112: =F112-U112 -> -76.115406 | AK112: =G112-V112 -> -79.367483 | AL112: =H112-W112 -> -79.950179 | AM112: =I112-X112 -> -78.463817 | AO112: =C112/R112-1 -> 0 | AP112: =D112/S112-1 -> 0 | AQ112: =E112/T112-1 -> -0.15989859 | AR112: =F112/U112-1 -> -0.17372007 | AS112: =G112/V112-1 -> -0.17222985 | AT112: =H112/W112-1 -> -0.16373912 | AU112: =I112/X112-1 -> -0.15206685
B113: Italy | C113: =tbl_model!R114 -> 178 | D113: =tbl_model!S114 -> 187 | E113: =tbl_model!T114 -> 169.76221 | F113: =tbl_model!U114 -> 174.53833 | G113: =tbl_model!V114 -> 180.85266 | H113: =tbl_model!W114 -> 189.71573 | I113: =tbl_model!X114 -> 198.62869 | K113: =D113/C113-1 -> 0.050561798 | L113: =E113/D113-1 -> -0.092180695 | M113: =F113/E113-1 -> 0.028134185 | N113: =G113/F113-1 -> 0.036177316 | O113: =H113/G113-1 -> 0.049007151 | P113: =I113/H113-1 -> 0.046980578 | R113: 178 | S113: 187 | T113: 192.51572 | U113: 199.64468 | V113: 206.42083 | W113: 213.45013 | X113: 221.71637 | Z113: =S113/R113-1 -> 0.050561798 | AA113: =T113/S113-1 -> 0.029495807 | AB113: =U113/T113-1 -> 0.037030539 | AC113: =V113/U113-1 -> 0.033941052 | AD113: =W113/V113-1 -> 0.034053246 | AE113: =X113/W113-1 -> 0.038726834 | AG113: =C113-R113 -> 0 | AH113: =D113-S113 -> 0 | AI113: =E113-T113 -> -22.753506 | AJ113: =F113-U113 -> -25.106345 | AK113: =G113-V113 -> -25.568167 | AL113: =H113-W113 -> -23.734393 | AM113: =I113-X113 -> -23.087685 | AO113: =C113/R113-1 -> 0 | AP113: =D113/S113-1 -> 0 | AQ113: =E113/T113-1 -> -0.11819038 | AR113: =F113/U113-1 -> -0.12575514 | AS113: =G113/V113-1 -> -0.12386428 | AT113: =H113/W113-1 -> -0.11119409 | AU113: =I113/X113-1 -> -0.10413162
B114: Nordics | C114: =tbl_model!R115 -> 188 | D114: =tbl_model!S115 -> 150 | E114: =tbl_model!T115 -> 136.26192 | F114: =tbl_model!U115 -> 146.3963 | G114: =tbl_model!V115 -> 160.85851 | H114: =tbl_model!W115 -> 177.77765 | I114: =tbl_model!X115 -> 196.38338 | K114: =D114/C114-1 -> -0.20212766 | L114: =E114/D114-1 -> -0.091587232 | M114: =F114/E114-1 -> 0.074374327 | N114: =G114/F114-1 -> 0.098788066 | O114: =H114/G114-1 -> 0.10518023 | P114: =I114/H114-1 -> 0.10465732 | R114: 188 | S114: 150 | T114: 154.70627 | U114: 171.32037 | V114: 185.47888 | W114: 201.87382 | X114: 220.22563 | Z114: =S114/R114-1 -> -0.20212766 | AA114: =T114/S114-1 -> 0.031375127 | AB114: =U114/T114-1 -> 0.10739129 | AC114: =V114/U114-1 -> 0.08264344 | AD114: =W114/V114-1 -> 0.088392493 | AE114: =X114/W114-1 -> 0.090907323 | AG114: =C114-R114 -> 0 | AH114: =D114-S114 -> 0 | AI114: =E114-T114 -> -18.444354 | AJ114: =F114-U114 -> -24.924071 | AK114: =G114-V114 -> -24.620369 | AL114: =H114-W114 -> -24.096174 | AM114: =I114-X114 -> -23.84225 | AO114: =C114/R114-1 -> 0 | AP114: =D114/S114-1 -> 0 | AQ114: =E114/T114-1 -> -0.11922176 | AR114: =F114/U114-1 -> -0.14548224 | AS114: =G114/V114-1 -> -0.13273947 | AT114: =H114/W114-1 -> -0.11936255 | AU114: =I114/X114-1 -> -0.10826283
B115: Brazil | C115: =tbl_model!R116 -> 185 | D115: =tbl_model!S116 -> 147 | E115: =tbl_model!T116 -> 149.47296 | F115: =tbl_model!U116 -> 153.92037 | G115: =tbl_model!V116 -> 159.2131 | H115: =tbl_model!W116 -> 165.96798 | I115: =tbl_model!X116 -> 173.56 | K115: =D115/C115-1 -> -0.20540541 | L115: =E115/D115-1 -> 0.016822829 | M115: =F115/E115-1 -> 0.029753997 | N115: =G115/F115-1 -> 0.034386137 | O115: =H115/G115-1 -> 0.042426635 | P115: =I115/H115-1 -> 0.045743925 | R115: 185 | S115: 147 | T115: 152.48171 | U115: 157.41894 | V115: 162.79933 | W115: 169.79376 | X115: 177.44032 | Z115: =S115/R115-1 -> -0.20540541 | AA115: =T115/S115-1 -> 0.037290576 | AB115: =U115/T115-1 -> 0.032379127 | AC115: =V115/U115-1 -> 0.034178827 | AD115: =W115/V115-1 -> 0.042963494 | AE115: =X115/W115-1 -> 0.045034378 | AG115: =C115-R115 -> 0 | AH115: =D115-S115 -> 0 | AI115: =E115-T115 -> -3.0087588 | AJ115: =F115-U115 -> -3.4985658 | AK115: =G115-V115 -> -3.5862335 | AL115: =H115-W115 -> -3.8257855 | AM115: =I115-X115 -> -3.8803155 | AO115: =C115/R115-1 -> 0 | AP115: =D115/S115-1 -> 0 | AQ115: =E115/T115-1 -> -0.019731932 | AR115: =F115/U115-1 -> -0.022224554 | AS115: =G115/V115-1 -> -0.022028551 | AT115: =H115/W115-1 -> -0.022531956 | AU115: =I115/X115-1 -> -0.021868285
... B125: Leisure | C125: =tbl_model!R126 -> 13047.961 | D125: =tbl_model!S126 -> 12927.145 | E125: =tbl_model!T126 -> 13161.584 | F125: =tbl_model!U126 -> 13588.758 | G125: =tbl_model!V126 -> 14155.735 | H125: =tbl_model!W126 -> 14777.193 | I125: =tbl_model!X126 -> 15407.477 | K125: =D125/C125-1 -> -0.0092593527 | L125: =E125/D125-1 -> 0.018135351 | M125: =F125/E125-1 -> 0.032456117 | N125: =G125/F125-1 -> 0.041723986 | O125: =H125/G125-1 -> 0.043901536 | P125: =I125/H125-1 -> 0.042652495 | R125: 13047.961 | S125: 12927.145 | T125: 13275.664 | U125: 13827.544 | V125: 14443.966 | W125: 15016.109 | X125: 15611.203 | Z125: =S125/R125-1 -> -0.0092593527 | AA125: =T125/S125-1 -> 0.026960253 | AB125: =U125/T125-1 -> 0.041570755 | AC125: =V125/U125-1 -> 0.044579292 | AD125: =W125/V125-1 -> 0.039611244 | AE125: =X125/W125-1 -> 0.039630345 | AG125: =C125-R125 -> 0 | AH125: =D125-S125 -> 0 | AI125: =E125-T125 -> -114.08079 | AJ125: =F125-U125 -> -238.78628 | AK125: =G125-V125 -> -288.23128 | AL125: =H125-W125 -> -238.91624 | AM125: =I125-X125 -> -203.72568 | AO125: =C125/R125-1 -> 0 | AP125: =D125/S125-1 -> 0 | AQ125: =E125/T125-1 -> -0.0085932267 | AR125: =F125/U125-1 -> -0.017268886 | AS125: =G125/V125-1 -> -0.019955134 | AT125: =H125/W125-1 -> -0.015910662 | AU125: =I125/X125-1 -> -0.013049967
B127: Source: NTTO; STR; OAG (air traffic); BTS; VisaVue; Tourism Economics
B130: Annual international travel spending in California (billions)
C133: 2024 | D133: 2025 | E133: 2026 | F133: 2027 | G133: 2028 | H133: 2029 | I133: 2030 | K133: 2025 | L133: 2026 | M133: 2027 | N133: 2028 | O133: 2029 | P133: 2030 | R133: 2024 | S133: 2025 | T133: 2026 | U133: 2027 | V133: 2028 | W133: 2029 | X133: 2030 | Z133: 2025 | AA133: 2026 | AB133: 2027 | AC133: 2028 | AD133: 2029 | AE133: 2030 | AG133: 2024 | AH133: 2025 | AI133: 2026 | AJ133: 2027 | AK133: 2028 | AL133: 2029 | AM133: 2030 | AO133: 2024 | AP133: 2025 | AQ133: 2026 | AR133: 2027 | AS133: 2028 | AT133: 2029 | AU133: 2030
B135: Total | C135: =tbl_model!R136 -> 26.035312 | D135: =tbl_model!S136 -> 25.414717 | E135: =tbl_model!T136 -> 26.005467 | F135: =tbl_model!U136 -> 27.284209 | G135: =tbl_model!V136 -> 28.850495 | H135: =tbl_model!W136 -> 30.826288 | I135: =tbl_model!X136 -> 32.831438 | K135: =D135/C135-1 -> -0.023836646 | L135: =E135/D135-1 -> 0.02324439 | M135: =F135/E135-1 -> 0.049172061 | N135: =G135/F135-1 -> 0.057406317 | O135: =H135/G135-1 -> 0.068483848 | P135: =I135/H135-1 -> 0.065046742 | R135: 26.035312 | S135: 25.414717 | T135: 26.629011 | U135: 28.400292 | V135: 30.304179 | W135: 32.156351 | X135: 34.115873 | Z135: =S135/R135-1 -> -0.023836646 | AA135: =T135/S135-1 -> 0.047779144 | AB135: =U135/T135-1 -> 0.06651699 | AC135: =V135/U135-1 -> 0.067037576 | AD135: =W135/V135-1 -> 0.061119339 | AE135: =X135/W135-1 -> 0.060937345 | AG135: =C135-R135 -> 0 | AH135: =D135-S135 -> 0 | AI135: =E135-T135 -> -0.62354384 | AJ135: =F135-U135 -> -1.1160831 | AK135: =G135-V135 -> -1.4536839 | AL135: =H135-W135 -> -1.3300623 | AM135: =I135-X135 -> -1.2844353 | AO135: =C135/R135-1 -> 0 | AP135: =D135/S135-1 -> 0 | AQ135: =E135/T135-1 -> -0.023415959 | AR135: =F135/U135-1 -> -0.039298295 | AS135: =G135/V135-1 -> -0.047969749 | AT135: =H135/W135-1 -> -0.041362352 | AU135: =I135/X135-1 -> -0.037649199
B137: China | C137: =tbl_model!R138 -> 1.9779325 | D137: =tbl_model!S138 -> 1.8538121 | E137: =tbl_model!T138 -> 2.0408415 | F137: =tbl_model!U138 -> 2.2365282 | G137: =tbl_model!V138 -> 2.4611569 | H137: =tbl_model!W138 -> 2.7048946 | I137: =tbl_model!X138 -> 2.9803381 | K137: =D137/C137-1 -> -0.062752557 | L137: =E137/D137-1 -> 0.10088904 | M137: =F137/E137-1 -> 0.095885312 | N137: =G137/F137-1 -> 0.10043633 | O137: =H137/G137-1 -> 0.099033816 | P137: =I137/H137-1 -> 0.1018315 | R137: 1.9779325 | S137: 1.8538121 | T137: 2.0012029 | U137: 2.210412 | V137: 2.4249159 | W137: 2.6526476 | X137: 2.9372228 | Z137: =S137/R137-1 -> -0.062752557 | AA137: =T137/S137-1 -> 0.079506849 | AB137: =U137/T137-1 -> 0.10454167 | AC137: =V137/U137-1 -> 0.097042514 | AD137: =W137/V137-1 -> 0.093913227 | AE137: =X137/W137-1 -> 0.10727969 | AG137: =C137-R137 -> 0 | AH137: =D137-S137 -> 0 | AI137: =E137-T137 -> 0.039638567 | AJ137: =F137-U137 -> 0.026116201 | AK137: =G137-V137 -> 0.036240951 | AL137: =H137-W137 -> 0.05224703 | AM137: =I137-X137 -> 0.043115291 | AO137: =C137/R137-1 -> 0 | AP137: =D137/S137-1 -> 0 | AQ137: =E137/T137-1 -> 0.01980737 | AR137: =F137/U137-1 -> 0.011815083 | AS137: =G137/V137-1 -> 0.01494524 | AT137: =H137/W137-1 -> 0.019696182 | AU137: =I137/X137-1 -> 0.014678931
B138: India | C138: =tbl_model!R139 -> 1.5436451 | D138: =tbl_model!S139 -> 1.7258235 | E138: =tbl_model!T139 -> 1.659739 | F138: =tbl_model!U139 -> 1.7460454 | G138: =tbl_model!V139 -> 1.8411578 | H138: =tbl_model!W139 -> 1.9530546 | I138: =tbl_model!X139 -> 2.055023 | K138: =D138/C138-1 -> 0.11801832 | L138: =E138/D138-1 -> -0.038291553 | M138: =F138/E138-1 -> 0.052 | N138: =G138/F138-1 -> 0.054473004 | O138: =H138/G138-1 -> 0.06077524 | P138: =I138/H138-1 -> 0.052209696 | R138: 1.5436451 | S138: 1.7258235 | T138: 1.7587411 | U138: 1.8528855 | V138: 1.9646172 | W138: 2.0832392 | X138: 2.1970108 | Z138: =S138/R138-1 -> 0.11801832 | AA138: =T138/S138-1 -> 0.019073569 | AB138: =U138/T138-1 -> 0.053529412 | AC138: =V138/U138-1 -> 0.060301508 | AD138: =W138/V138-1 -> 0.060379147 | AE138: =X138/W138-1 -> 0.054612832 | AG138: =C138-R138 -> 0 | AH138: =D138-S138 -> 0 | AI138: =E138-T138 -> -0.099002075 | AJ138: =F138-U138 -> -0.10684002 | AK138: =G138-V138 -> -0.12345947 | AL138: =H138-W138 -> -0.13018458 | AM138: =I138-X138 -> -0.14198778 | AO138: =C138/R138-1 -> 0 | AP138: =D138/S138-1 -> 0 | AQ138: =E138/T138-1 -> -0.056291444 | AR138: =F138/U138-1 -> -0.057661428 | AS138: =G138/V138-1 -> -0.062841487 | AT138: =H138/W138-1 -> -0.062491421 | AU138: =I138/X138-1 -> -0.064627713
B139: Japan | C139: =tbl_model!R140 -> 0.88887373 | D139: =tbl_model!S140 -> 1.0206092 | E139: =tbl_model!T140 -> 1.1305049 | F139: =tbl_model!U140 -> 1.2084215 | G139: =tbl_model!V140 -> 1.3086336 | H139: =tbl_model!W140 -> 1.4428424 | I139: =tbl_model!X140 -> 1.5997027 | K139: =D139/C139-1 -> 0.14820489 | L139: =E139/D139-1 -> 0.1076766 | M139: =F139/E139-1 -> 0.068921944 | N139: =G139/F139-1 -> 0.082928157 | O139: =H139/G139-1 -> 0.1025564 | P139: =I139/H139-1 -> 0.1087162 | R139: 0.88887373 | S139: 1.0206092 | T139: 1.052406 | U139: 1.1273392 | V139: 1.2341956 | W139: 1.3444314 | X139: 1.4820459 | Z139: =S139/R139-1 -> 0.14820489 | AA139: =T139/S139-1 -> 0.031154746 | AB139: =U139/T139-1 -> 0.071201771 | AC139: =V139/U139-1 -> 0.094786451 | AD139: =W139/V139-1 -> 0.089317935 | AE139: =X139/W139-1 -> 0.10235889 | AG139: =C139-R139 -> 0 | AH139: =D139-S139 -> 0 | AI139: =E139-T139 -> 0.078098901 | AJ139: =F139-U139 -> 0.081082324 | AK139: =G139-V139 -> 0.074438013 | AL139: =H139-W139 -> 0.098410963 | AM139: =I139-X139 -> 0.1176568 | AO139: =C139/R139-1 -> 0 | AP139: =D139/S139-1 -> 0 | AQ139: =E139/T139-1 -> 0.07420986 | AR139: =F139/U139-1 -> 0.07192363 | AS139: =G139/V139-1 -> 0.060312977 | AT139: =H139/W139-1 -> 0.073198946 | AU139: =I139/X139-1 -> 0.079388094
B140: South Korea | C140: =tbl_model!R141 -> 1.0426859 | D140: =tbl_model!S141 -> 0.91643992 | E140: =tbl_model!T141 -> 0.81350532 | F140: =tbl_model!U141 -> 0.89152181 | G140: =tbl_model!V141 -> 0.99857973 | H140: =tbl_model!W141 -> 1.1380502 | I140: =tbl_model!X141 -> 1.2792713 | K140: =D140/C140-1 -> -0.12107764 | L140: =E140/D140-1 -> -0.11232008 | M140: =F140/E140-1 -> 0.095901636 | N140: =G140/F140-1 -> 0.12008446 | O140: =H140/G140-1 -> 0.13966882 | P140: =I140/H140-1 -> 0.12409037 | R140: 1.0426859 | S140: 0.91643992 | T140: 0.961774 | U140: 1.0807766 | V140: 1.2008904 | W140: 1.325454 | X140: 1.4524965 | Z140: =S140/R140-1 -> -0.12107764 | AA140: =T140/S140-1 -> 0.049467591 | AB140: =U140/T140-1 -> 0.12373235 | AC140: =V140/U140-1 -> 0.1111366 | AD140: =W140/V140-1 -> 0.10372607 | AE140: =X140/W140-1 -> 0.095848283 | AG140: =C140-R140 -> 0 | AH140: =D140-S140 -> 0 | AI140: =E140-T140 -> -0.14826868 | AJ140: =F140-U140 -> -0.18925474 | AK140: =G140-V140 -> -0.20231065 | AL140: =H140-W140 -> -0.18740383 | AM140: =I140-X140 -> -0.17322525 | AO140: =C140/R140-1 -> 0 | AP140: =D140/S140-1 -> 0 | AQ140: =E140/T140-1 -> -0.15416166 | AR140: =F140/U140-1 -> -0.17510996 | AS140: =G140/V140-1 -> -0.16846721 | AT140: =H140/W140-1 -> -0.14138841 | AU140: =I140/X140-1 -> -0.11926036
B141: Australia | C141: =tbl_model!R142 -> 1.3345487 | D141: =tbl_model!S142 -> 1.2782437 | E141: =tbl_model!T142 -> 1.2979839 | F141: =tbl_model!U142 -> 1.3619844 | G141: =tbl_model!V142 -> 1.4583089 | H141: =tbl_model!W142 -> 1.6186893 | I141: =tbl_model!X142 -> 1.7647991 | K141: =D141/C141-1 -> -0.042190261 | L141: =E141/D141-1 -> 0.015443241 | M141: =F141/E141-1 -> 0.049307557 | N141: =G141/F141-1 -> 0.070723684 | O141: =H141/G141-1 -> 0.10997696 | P141: =I141/H141-1 -> 0.090264256 | R141: 1.3345487 | S141: 1.2782437 | T141: 1.3459391 | U141: 1.4335199 | V141: 1.5561236 | W141: 1.7258826 | X141: 1.8767794 | Z141: =S141/R141-1 -> -0.042190261 | AA141: =T141/S141-1 -> 0.052959696 | AB141: =U141/T141-1 -> 0.065070423 | AC141: =V141/U141-1 -> 0.085526316 | AD141: =W141/V141-1 -> 0.10909091 | AE141: =X141/W141-1 -> 0.087431694 | AG141: =C141-R141 -> 0 | AH141: =D141-S141 -> 0 | AI141: =E141-T141 -> -0.047955172 | AJ141: =F141-U141 -> -0.071535582 | AK141: =G141-V141 -> -0.097814709 | AL141: =H141-W141 -> -0.10719327 | AM141: =I141-X141 -> -0.11198032 | AO141: =C141/R141-1 -> 0 | AP141: =D141/S141-1 -> 0 | AQ141: =E141/T141-1 -> -0.035629526 | AR141: =F141/U141-1 -> -0.049902048 | AS141: =G141/V141-1 -> -0.06285793 | AT141: =H141/W141-1 -> -0.06210925 | AU141: =I141/X141-1 -> -0.059666215
B142: United Kingdom | C142: =tbl_model!R143 -> 1.3487874 | D142: =tbl_model!S143 -> 1.3140921 | E142: =tbl_model!T143 -> 1.3740034 | F142: =tbl_model!U143 -> 1.4355543 | G142: =tbl_model!V143 -> 1.5213689 | H142: =tbl_model!W143 -> 1.6427351 | I142: =tbl_model!X143 -> 1.7540611 | K142: =D142/C142-1 -> -0.025723322 | L142: =E142/D142-1 -> 0.04559136 | M142: =F142/E142-1 -> 0.04479682 | N142: =G142/F142-1 -> 0.059777968 | O142: =H142/G142-1 -> 0.079774376 | P142: =I142/H142-1 -> 0.067768657 | R142: 1.3487874 | S142: 1.3140921 | T142: 1.3574373 | U142: 1.4443302 | V142: 1.5405967 | W142: 1.6598557 | X142: 1.7662139 | Z142: =S142/R142-1 -> -0.025723322 | AA142: =T142/S142-1 -> 0.032984926 | AB142: =U142/T142-1 -> 0.064012456 | AC142: =V142/U142-1 -> 0.066651261 | AD142: =W142/V142-1 -> 0.077410926 | AE142: =X142/W142-1 -> 0.064076809 | AG142: =C142-R142 -> 0 | AH142: =D142-S142 -> 0 | AI142: =E142-T142 -> 0.016566015 | AJ142: =F142-U142 -> -0.0087759015 | AK142: =G142-V142 -> -0.019227812 | AL142: =H142-W142 -> -0.017120577 | AM142: =I142-X142 -> -0.012152881 | AO142: =C142/R142-1 -> 0 | AP142: =D142/S142-1 -> 0 | AQ142: =E142/T142-1 -> 0.012203889 | AR142: =F142/U142-1 -> -0.0060761045 | AS142: =G142/V142-1 -> -0.012480756 | AT142: =H142/W142-1 -> -0.010314497 | AU142: =I142/X142-1 -> -0.0068807528
B143: Germany | C143: =tbl_model!R144 -> 1.0116674 | D143: =tbl_model!S144 -> 0.94125232 | E143: =tbl_model!T144 -> 0.87659526 | F143: =tbl_model!U144 -> 0.92327068 | G143: =tbl_model!V144 -> 0.96879967 | H143: =tbl_model!W144 -> 1.042741 | I143: =tbl_model!X144 -> 1.1166122 | K143: =D143/C143-1 -> -0.069602949 | L143: =E143/D143-1 -> -0.068692597 | M143: =F143/E143-1 -> 0.053246269 | N143: =G143/F143-1 -> 0.049312715 | O143: =H143/G143-1 -> 0.076322581 | P143: =I143/H143-1 -> 0.070843373 | R143: 1.0116674 | S143: 0.94125232 | T143: 0.97508887 | U143: 1.0395144 | V143: 1.0952932 | W143: 1.1612136 | X143: 1.2254438 | Z143: =S143/R143-1 -> -0.069602949 | AA143: =T143/S143-1 -> 0.035948435 | AB143: =U143/T143-1 -> 0.066071429 | AC143: =V143/U143-1 -> 0.053658537 | AD143: =W143/V143-1 -> 0.060185185 | AE143: =X143/W143-1 -> 0.055312955 | AG143: =C143-R143 -> 0 | AH143: =D143-S143 -> 0 | AI143: =E143-T143 -> -0.098493614 | AJ143: =F143-U143 -> -0.1162437 | AK143: =G143-V143 -> -0.12649354 | AL143: =H143-W143 -> -0.11847267 | AM143: =I143-X143 -> -0.10883154 | AO143: =C143/R143-1 -> 0 | AP143: =D143/S143-1 -> 0 | AQ143: =E143/T143-1 -> -0.10100988 | AR143: =F143/U143-1 -> -0.11182501 | AS143: =G143/V143-1 -> -0.11548829 | AT143: =H143/W143-1 -> -0.10202487 | AU143: =I143/X143-1 -> -0.088809902
B144: France | C144: =tbl_model!R145 -> 1.0770153 | D144: =tbl_model!S145 -> 1.0905717 | E144: =tbl_model!T145 -> 0.97169938 | F144: =tbl_model!U145 -> 1.0227539 | G144: =tbl_model!V145 -> 1.0846244 | H144: =tbl_model!W145 -> 1.1658696 | I144: =tbl_model!X145 -> 1.2532083 | K144: =D144/C144-1 -> 0.01258702 | L144: =E144/D144-1 -> -0.109 | M144: =F144/E144-1 -> 0.052541485 | N144: =G144/F144-1 -> 0.060493976 | O144: =H144/G144-1 -> 0.074906367 | P144: =I144/H144-1 -> 0.074912892 | R144: 1.0770153 | S144: 1.0905717 | T144: 1.1456718 | U144: 1.2290748 | V144: 1.3088239 | W144: 1.3979553 | X144: 1.4826254 | Z144: =S144/R144-1 -> 0.01258702 | AA144: =T144/S144-1 -> 0.050524017 | AB144: =U144/T144-1 -> 0.072798354 | AC144: =V144/U144-1 -> 0.064885496 | AD144: =W144/V144-1 -> 0.068100358 | AE144: =X144/W144-1 -> 0.060567114 | AG144: =C144-R144 -> 0 | AH144: =D144-S144 -> 0 | AI144: =E144-T144 -> -0.17397238 | AJ144: =F144-U144 -> -0.20632087 | AK144: =G144-V144 -> -0.22419954 | AL144: =H144-W144 -> -0.23208565 | AM144: =I144-X144 -> -0.2294171 | AO144: =C144/R144-1 -> 0 | AP144: =D144/S144-1 -> 0 | AQ144: =E144/T144-1 -> -0.15185185 | AR144: =F144/U144-1 -> -0.16786681 | AS144: =G144/V144-1 -> -0.17129848 | AT144: =H144/W144-1 -> -0.16601794 | AU144: =I144/X144-1 -> -0.15473707
B145: Italy | C145: =tbl_model!R146 -> 0.44027871 | D145: =tbl_model!S146 -> 0.47455794 | E145: =tbl_model!T146 -> 0.44397268 | F145: =tbl_model!U146 -> 0.46100177 | G145: =tbl_model!V146 -> 0.48377679 | H145: =tbl_model!W146 -> 0.51253189 | I145: =tbl_model!X146 -> 0.54176417 | K145: =D145/C145-1 -> 0.077858039 | L145: =E145/D145-1 -> -0.06445 | M145: =F145/E145-1 -> 0.038356164 | N145: =G145/F145-1 -> 0.049403325 | O145: =H145/G145-1 -> 0.059438779 | P145: =I145/H145-1 -> 0.057035036 | R145: 0.44027871 | S145: 0.47455794 | T145: 0.49666064 | U145: 0.52235698 | V145: 0.54352757 | W145: 0.56494309 | X145: 0.58924365 | Z145: =S145/R145-1 -> 0.077858039 | AA145: =T145/S145-1 -> 0.046575342 | AB145: =U145/T145-1 -> 0.05173822 | AC145: =V145/U145-1 -> 0.040528967 | AD145: =W145/V145-1 -> 0.039400978 | AE145: =X145/W145-1 -> 0.043014184 | AG145: =C145-R145 -> 0 | AH145: =D145-S145 -> 0 | AI145: =E145-T145 -> -0.052687958 | AJ145: =F145-U145 -> -0.061355206 | AK145: =G145-V145 -> -0.059750775 | AL145: =H145-W145 -> -0.052411191 | AM145: =I145-X145 -> -0.047479482 | AO145: =C145/R145-1 -> 0 | AP145: =D145/S145-1 -> 0 | AQ145: =E145/T145-1 -> -0.10608442 | AR145: =F145/U145-1 -> -0.11745838 | AS145: =G145/V145-1 -> -0.10993145 | AT145: =H145/W145-1 -> -0.092772515 | AU145: =I145/X145-1 -> -0.080576993
B146: Nordics | C146: =tbl_model!R147 -> 0.46474814 | D146: =tbl_model!S147 -> 0.37659771 | E146: =tbl_model!T147 -> 0.36042801 | F146: =tbl_model!U147 -> 0.39112319 | G146: =tbl_model!V147 -> 0.43364509 | H146: =tbl_model!W147 -> 0.48393871 | I146: =tbl_model!X147 -> 0.54043072 | K146: =D146/C146-1 -> -0.18967355 | L146: =E146/D146-1 -> -0.042936265 | M146: =F146/E146-1 -> 0.08516313 | N146: =G146/F146-1 -> 0.1087174 | O146: =H146/G146-1 -> 0.11597877 | P146: =I146/H146-1 -> 0.11673381 | R146: 0.46474814 | S146: 0.37659771 | T146: 0.39408134 | U146: 0.44664991 | V146: 0.49638924 | W146: 0.54580053 | X146: 0.60391089 | Z146: =S146/R146-1 -> -0.18967355 | AA146: =T146/S146-1 -> 0.046425206 | AB146: =U146/T146-1 -> 0.13339524 | AC146: =V146/U146-1 -> 0.11136088 | AD146: =W146/V146-1 -> 0.099541415 | AE146: =X146/W146-1 -> 0.10646812 | AG146: =C146-R146 -> 0 | AH146: =D146-S146 -> 0 | AI146: =E146-T146 -> -0.033653326 | AJ146: =F146-U146 -> -0.055526724 | AK146: =G146-V146 -> -0.062744155 | AL146: =H146-W146 -> -0.061861818 | AM146: =I146-X146 -> -0.063480166 | AO146: =C146/R146-1 -> 0 | AP146: =D146/S146-1 -> 0 | AQ146: =E146/T146-1 -> -0.085396903 | AR146: =F146/U146-1 -> -0.12431822 | AS146: =G146/V146-1 -> -0.12640112 | AT146: =H146/W146-1 -> -0.11334144 | AU146: =I146/X146-1 -> -0.10511512
B147: Brazil | C147: =tbl_model!R148 -> 0.53295906 | D147: =tbl_model!S148 -> 0.43550745 | E147: =tbl_model!T148 -> 0.47728509 | F147: =tbl_model!U148 -> 0.49924251 | G147: =tbl_model!V148 -> 0.52175601 | H147: =tbl_model!W148 -> 0.5478263 | I147: =tbl_model!X148 -> 0.57879223 | K147: =D147/C147-1 -> -0.18285009 | L147: =E147/D147-1 -> 0.095928642 | M147: =F147/E147-1 -> 0.046004843 | N147: =G147/F147-1 -> 0.045095312 | O147: =H147/G147-1 -> 0.049966443 | P147: =I147/H147-1 -> 0.05652508 | R147: 0.53295906 | S147: 0.43550745 | T147: 0.46663817 | U147: 0.49155807 | V147: 0.51414477 | W147: 0.54419401 | X147: 0.57453088 | Z147: =S147/R147-1 -> -0.18285009 | AA147: =T147/S147-1 -> 0.071481481 | AB147: =U147/T147-1 -> 0.053403042 | AC147: =V147/U147-1 -> 0.045949214 | AD147: =W147/V147-1 -> 0.058445087 | AE147: =X147/W147-1 -> 0.055746432 | AG147: =C147-R147 -> 0 | AH147: =D147-S147 -> 0 | AI147: =E147-T147 -> 0.010646921 | AJ147: =F147-U147 -> 0.0076844483 | AK147: =G147-V147 -> 0.0076112387 | AL147: =H147-W147 -> 0.0036322949 | AM147: =I147-X147 -> 0.0042613461 | AO147: =C147/R147-1 -> 0 | AP147: =D147/S147-1 -> 0 | AQ147: =E147/T147-1 -> 0.022816223 | AR147: =F147/U147-1 -> 0.015632839 | AS147: =G147/V147-1 -> 0.014803688 | AT147: =H147/W147-1 -> 0.0066746323 | AU147: =I147/X147-1 -> 0.007417088
... B157: Leisure | C157: =tbl_model!R158 -> 20.156538 | D157: =tbl_model!S158 -> 19.623771 | E157: =tbl_model!T158 -> 19.971804 | F157: =tbl_model!U158 -> 20.797301 | G157: =tbl_model!V158 -> 22.051135 | H157: =tbl_model!W158 -> 23.548601 | I157: =tbl_model!X158 -> 25.100659 | K157: =D157/C157-1 -> -0.026431511 | L157: =E157/D157-1 -> 0.017735312 | M157: =F157/E157-1 -> 0.041333085 | N157: =G157/F157-1 -> 0.060288318 | O157: =H157/G157-1 -> 0.067908801 | P157: =I157/H157-1 -> 0.065908721 | R157: 20.156538 | S157: 19.623771 | T157: 20.616728 | U157: 21.821568 | V157: 23.345539 | W157: 24.759565 | X157: 26.288819 | Z157: =S157/R157-1 -> -0.026431511 | AA157: =T157/S157-1 -> 0.05059973 | AB157: =U157/T157-1 -> 0.058439925 | AC157: =V157/U157-1 -> 0.069837842 | AD157: =W157/V157-1 -> 0.060569404 | AE157: =X157/W157-1 -> 0.061764183 | AG157: =C157-R157 -> 0 | AH157: =D157-S157 -> 0 | AI157: =E157-T157 -> -0.6449238 | AJ157: =F157-U157 -> -1.0242676 | AK157: =G157-V157 -> -1.2944045 | AL157: =H157-W157 -> -1.2109638 | AM157: =I157-X157 -> -1.1881599 | AO157: =C157/R157-1 -> 0 | AP157: =D157/S157-1 -> 0 | AQ157: =E157/T157-1 -> -0.031281579 | AR157: =F157/U157-1 -> -0.046938311 | AS157: =G157/V157-1 -> -0.055445475 | AT157: =H157/W157-1 -> -0.048908929 | AU157: =I157/X157-1 -> -0.045196397
B159: Source: NTTO; BEA; Tourism Economics

Sheet tbl_dwnside
B1: Sept 2026
D4: Baseline Forecast | J4: Downside Scenario | Q4: Baseline Forecast (% change) | W4: Downside Scenario (% change)
D5: Forecast >> | J5: Forecast >> | Q5: Forecast >> | W5: Forecast >>
C6: 2025 | D6: 2026 | E6: 2027 | F6: 2028 | G6: 2029 | H6: 2030 | J6: 2026 | K6: 2027 | L6: 2028 | M6: 2029 | N6: 2030 | P6: 2025 | Q6: 2026 | R6: 2027 | S6: 2028 | T6: 2029 | U6: 2030 | W6: 2026 | X6: 2027 | Y6: 2028 | Z6: 2029 | AA6: 2030
B8: Total visits (millions) | C8: =C10+C11 -> 271.40346 | D8: =D10+D11 -> 276.33704 | E8: =E10+E11 -> 282.50112 | F8: =F10+F11 -> 289.55266 | G8: =G10+G11 -> 296.48398 | H8: =H10+H11 -> 304.46597 | J8: =J10+J11 -> 274.38902 | K8: =K10+K11 -> 275.49941 | L8: =L10+L11 -> 279.26553 | M8: =M10+M11 -> 285.77512 | N8: =N10+N11 -> 294.09871 | P8: =tbl_model!AP8 -> 0.007042667 | Q8: =D8/C8-1 -> 0.018178035 | R8: =E8/D8-1 -> 0.02230638 | S8: =F8/E8-1 -> 0.024961113 | T8: =G8/F8-1 -> 0.023938017 | U8: =H8/G8-1 -> 0.026922179 | W8: =J8/C8-1 -> 0.011000452 | X8: =K8/J8-1 -> 0.0040467921 | Y8: =L8/K8-1 -> 0.013670156 | Z8: =M8/L8-1 -> 0.023309669 | AA8: =N8/M8-1 -> 0.029126366
B10: Domestic | C10: =tbl_model!S13 -> 254.99637 | D10: =tbl_model!T13 -> 259.54198 | E10: =tbl_model!U13 -> 265.20869 | F10: =tbl_model!V13 -> 271.58769 | G10: =tbl_model!W13 -> 277.72022 | H10: =tbl_model!X13 -> 284.91771 | J10: 257.98113 | K10: 258.85783 | L10: 262.13792 | M10: 267.75913 | N10: 275.25334 | P10: =tbl_model!AP13 -> 0.0079345515 | Q10: =D10/C10-1 -> 0.017826174 | R10: =E10/D10-1 -> 0.021833521 | S10: =F10/E10-1 -> 0.024052747 | T10: =G10/F10-1 -> 0.022580288 | U10: =H10/G10-1 -> 0.025916351 | W10: =J10/C10-1 -> 0.011705104 | X10: =K10/J10-1 -> 0.0033983414 | Y10: =L10/K10-1 -> 0.012671372 | Z10: =M10/L10-1 -> 0.021443736 | AA10: =N10/M10-1 -> 0.027988619
B11: International | C11: =C28/1000 -> 16.407089 | D11: =D28/1000 -> 16.795061 | E11: =E28/1000 -> 17.292424 | F11: =F28/1000 -> 17.964969 | G11: =G28/1000 -> 18.763757 | H11: =H28/1000 -> 19.548257 | J11: =J28/1000 -> 16.40789 | K11: =K28/1000 -> 16.641578 | L11: =L28/1000 -> 17.127614 | M11: =M28/1000 -> 18.015985 | N11: =N28/1000 -> 18.845367 | P11: =tbl_model!AP30 -> -0.0066187189 | Q11: =D11/C11-1 -> 0.023646594 | R11: =E11/D11-1 -> 0.029613695 | S11: =F11/E11-1 -> 0.038892445 | T11: =G11/F11-1 -> 0.044463655 | U11: =H11/G11-1 -> 0.041809323 | W11: =J11/C11-1 -> 4.8851486e-05 | X11: =K11/J11-1 -> 0.014242378 | Y11: =L11/K11-1 -> 0.029206134 | Z11: =M11/L11-1 -> 0.051867755 | AA11: =N11/M11-1 -> 0.046035917
B12: Overseas | C12: =(C28-SUM(C42:C43))/1000 -> 6.616 | D12: =(D28-SUM(D42:D43))/1000 -> 6.3678526 | E12: =(E28-SUM(E42:E43))/1000 -> 6.5856762 | F12: =(F28-SUM(F42:F43))/1000 -> 6.9358247 | G12: =(G28-SUM(G42:G43))/1000 -> 7.3967461 | H12: =(H28-SUM(H42:H43))/1000 -> 7.865921 | J12: =(J28-SUM(J42:J43))/1000 -> 6.2150242 | K12: =(K28-SUM(K42:K43))/1000 -> 6.2862124 | L12: =(L28-SUM(L42:L43))/1000 -> 6.5211323 | M12: =(M28-SUM(M42:M43))/1000 -> 7.0240402 | N12: =(N28-SUM(N42:N43))/1000 -> 7.5069223 | P12: =tbl_model!AP31 -> -0.049971281 | Q12: =D12/C12-1 -> -0.037507157 | R12: =E12/D12-1 -> 0.034206756 | S12: =F12/E12-1 -> 0.05316818 | T12: =G12/F12-1 -> 0.066455178 | U12: =H12/G12-1 -> 0.063429901 | W12: =J12/C12-1 -> -0.060606986 | X12: =K12/J12-1 -> 0.011454208 | Y12: =L12/K12-1 -> 0.037370658 | Z12: =M12/L12-1 -> 0.07711973 | AA12: =N12/M12-1 -> 0.06874705
B13: Mexico | C13: =C43/1000 -> 8.4112547 | D13: =D43/1000 -> 9.1373261 | E13: =E43/1000 -> 9.3928568 | F13: =F43/1000 -> 9.6637419 | G13: =G43/1000 -> 9.9081521 | H13: =H43/1000 -> 10.137294 | J13: =J43/1000 -> 8.9545796 | K13: =K43/1000 -> 9.1129497 | L13: =L43/1000 -> 9.3476351 | M13: =M43/1000 -> 9.6415548 | N13: =N43/1000 -> 9.9039895 | P13: =tbl_model!AP32 -> 0.074769393 | Q13: =D13/C13-1 -> 0.086321413 | R13: =E13/D13-1 -> 0.027965593 | S13: =F13/E13-1 -> 0.028839479 | T13: =G13/F13-1 -> 0.025291465 | U13: =H13/G13-1 -> 0.023126614 | W13: =J13/C13-1 -> 0.064594985 | X13: =K13/J13-1 -> 0.017685938 | Y13: =L13/K13-1 -> 0.02575296 | Z13: =M13/L13-1 -> 0.031443214 | AA13: =N13/M13-1 -> 0.027219121
B14: Canada | C14: =C42/1000 -> 1.3798342 | D14: =D42/1000 -> 1.2898819 | E14: =E42/1000 -> 1.3138914 | F14: =F42/1000 -> 1.3654025 | G14: =G42/1000 -> 1.4588591 | H14: =H42/1000 -> 1.5450422 | J14: =J42/1000 -> 1.2382866 | K14: =K42/1000 -> 1.2424157 | L14: =L42/1000 -> 1.2588465 | M14: =M42/1000 -> 1.3503898 | N14: =N42/1000 -> 1.4344555 | P14: =tbl_model!AP33 -> -0.20070059 | Q14: =D14/C14-1 -> -0.065190635 | R14: =E14/D14-1 -> 0.018613698 | S14: =F14/E14-1 -> 0.039205034 | T14: =G14/F14-1 -> 0.06844614 | U14: =H14/G14-1 -> 0.059075687 | W14: =J14/C14-1 -> -0.10258301 | X14: =K14/J14-1 -> 0.0033344926 | Y14: =L14/K14-1 -> 0.013224908 | Z14: =M14/L14-1 -> 0.072719925 | AA14: =N14/M14-1 -> 0.062252914
B17: Total travel spending ($ billions)
C18: =C19+C20 -> 158.86462 | D18: =D19+D20 -> 166.25502 | E18: =E19+E20 -> 171.73652 | F18: =F19+F20 -> 178.87832 | G18: =G19+G20 -> 187.2233 | H18: =H19+H20 -> 196.29329 | J18: =J19+J20 -> 164.20365 | K18: =K19+K20 -> 166.30071 | L18: =L19+L20 -> 171.33584 | M18: =M19+M20 -> 179.72314 | N18: =N19+N20 -> 189.06202 | P18: =tbl_model!AP40 -> 0.017126961 | Q18: =D18/C18-1 -> 0.04652014 | R18: =E18/D18-1 -> 0.032970426 | S18: =F18/E18-1 -> 0.041585792 | T18: =G18/F18-1 -> 0.046651725 | U18: =H18/G18-1 -> 0.048444737 | W18: =J18/C18-1 -> 0.03360743 | X18: =K18/J18-1 -> 0.012771058 | Y18: =L18/K18-1 -> 0.030277268 | Z18: =M18/L18-1 -> 0.048952395 | AA18: =N18/M18-1 -> 0.051962601
B19: Domestic | C19: =tbl_model!S41 -> 133.4499 | D19: =tbl_model!T41 -> 140.24956 | E19: =tbl_model!U41 -> 144.45231 | F19: =tbl_model!V41 -> 150.02783 | G19: =tbl_model!W41 -> 156.39702 | H19: =tbl_model!X41 -> 163.46185 | J19: 138.84849 | K19: 140.14833 | L19: 143.93999 | M19: 150.18372 | N19: 157.44223 | P19: =tbl_model!AP41 -> 0.025321087 | Q19: =D19/C19-1 -> 0.050952864 | R19: =E19/D19-1 -> 0.029966273 | S19: =F19/E19-1 -> 0.038597606 | T19: =G19/F19-1 -> 0.042453386 | U19: =H19/G19-1 -> 0.045172435 | W19: =J19/C19-1 -> 0.040454044 | X19: =K19/J19-1 -> 0.0093616 | Y19: =L19/K19-1 -> 0.027054578 | Z19: =M19/L19-1 -> 0.043377335 | AA19: =N19/M19-1 -> 0.048330883
B20: International | C20: =tbl_model!S45 -> 25.414717 | D20: =tbl_model!T45 -> 26.005467 | E20: =tbl_model!U45 -> 27.284209 | F20: =tbl_model!V45 -> 28.850495 | G20: =tbl_model!W45 -> 30.826288 | H20: =tbl_model!X45 -> 32.831438 | J20: 25.355161 | K20: 26.152371 | L20: 27.395848 | M20: 29.539414 | N20: 31.619784 | P20: =tbl_model!AP45 -> -0.023836646 | Q20: =D20/C20-1 -> 0.02324439 | R20: =E20/D20-1 -> 0.049172061 | S20: =F20/E20-1 -> 0.057406317 | T20: =G20/F20-1 -> 0.068483848 | U20: =H20/G20-1 -> 0.065046742 | W20: =J20/C20-1 -> -0.0023433924 | X20: =K20/J20-1 -> 0.031441735 | Y20: =L20/K20-1 -> 0.047547389 | Z20: =M20/L20-1 -> 0.078244209 | AA20: =N20/M20-1 -> 0.070426913
D24: Baseline Forecast | J24: Downside Scenario | Q24: Baseline Forecast (% change) | W24: Downside Scenario (% change)
D25: Forecast >> | J25: Forecast >> | Q25: Forecast >> | W25: Forecast >>
C26: 2025 | D26: 2026 | E26: 2027 | F26: 2028 | G26: 2029 | H26: 2030 | J26: 2026 | K26: 2027 | L26: 2028 | M26: 2029 | N26: 2030 | P26: 2025 | Q26: 2026 | R26: 2027 | S26: 2028 | T26: 2029 | U26: 2030 | W26: 2026 | X26: 2027 | Y26: 2028 | Z26: 2029 | AA26: 2030
B28: Total (thousands) | C28: 16407.089 | D28: 16795.061 | E28: 17292.424 | F28: 17964.969 | G28: 18763.757 | H28: 19548.257 | J28: 16407.89 | K28: 16641.578 | L28: 17127.614 | M28: 18015.985 | N28: 18845.367 | P28: =tbl_model!AP104 -> -0.0066187189 | Q28: =D28/C28-1 -> 0.023646594 | R28: =E28/D28-1 -> 0.029613695 | S28: =F28/E28-1 -> 0.038892445 | T28: =G28/F28-1 -> 0.044463655 | U28: =H28/G28-1 -> 0.041809323 | W28: =J28/C28-1 -> 4.8851486e-05 | X28: =K28/J28-1 -> 0.014242378 | Y28: =L28/K28-1 -> 0.029206134 | Z28: =M28/L28-1 -> 0.051867755 | AA28: =N28/M28-1 -> 0.046035917
B30: China | C30: 599 | D30: 610.26371 | E30: 677.12363 | F30: 757.67778 | G30: 845.14511 | H30: 934.59784 | J30: 591.9558 | K30: 637.10562 | L30: 720.02802 | M30: 815.19624 | N30: 905.98649 | P30: =tbl_model!AP106 -> -0.074188563 | Q30: =D30/C30-1 -> 0.018804193 | R30: =E30/D30-1 -> 0.10955906 | S30: =F30/E30-1 -> 0.11896521 | T30: =G30/F30-1 -> 0.11544133 | U30: =H30/G30-1 -> 0.10584304 | W30: =J30/C30-1 -> -0.011759932 | X30: =K30/J30-1 -> 0.076272286 | Y30: =L30/K30-1 -> 0.13015486 | Z30: =M30/L30-1 -> 0.13217295 | AA30: =N30/M30-1 -> 0.11137225
B31: India | C31: 666 | D31: 608.86141 | E31: 631.68046 | F31: 659.48599 | G31: 688.37126 | H31: 715.41631 | J31: 599.72849 | K31: 615.9832 | L31: 646.31325 | M31: 680.01854 | N31: 711.68256 | P31: =tbl_model!AP107 -> 0.10631229 | Q31: =D31/C31-1 -> -0.085793675 | R31: =E31/D31-1 -> 0.03747823 | S31: =F31/E31-1 -> 0.044018343 | T31: =G31/F31-1 -> 0.043799681 | U31: =H31/G31-1 -> 0.039288453 | W31: =J31/C31-1 -> -0.09950677 | X31: =K31/J31-1 -> 0.027103448 | Y31: =L31/K31-1 -> 0.049238435 | Z31: =M31/L31-1 -> 0.052150078 | AA31: =N31/M31-1 -> 0.046563472
B32: Japan | C32: 410 | D32: 448.09605 | E32: 477.01938 | F32: 512.1501 | G32: 557.89985 | H32: 610.41823 | J32: 443.61509 | K32: 467.52669 | L32: 499.44852 | M32: 552.76868 | N32: 610.85207 | P32: =tbl_model!AP108 -> 0.087533156 | Q32: =D32/C32-1 -> 0.092917196 | R32: =E32/D32-1 -> 0.064547161 | S32: =F32/E32-1 -> 0.073646316 | T32: =G32/F32-1 -> 0.089328804 | U32: =H32/G32-1 -> 0.094135854 | W32: =J32/C32-1 -> 0.081988024 | X32: =K32/J32-1 -> 0.053901689 | Y32: =L32/K32-1 -> 0.068278084 | Z32: =M32/L32-1 -> 0.10675807 | AA32: =N32/M32-1 -> 0.10507721
B33: South Korea | C33: 368 | D33: 324.0283 | E33: 352.13475 | F33: 389.57537 | G33: 439.68103 | H33: 487.99514 | J33: 314.30745 | K33: 334.7393 | L33: 374.03365 | M33: 424.2511 | N33: 475.57839 | P33: =tbl_model!AP109 -> -0.15402299 | Q33: =D33/C33-1 -> -0.11948833 | R33: =E33/D33-1 -> 0.086740748 | S33: =F33/E33-1 -> 0.10632469 | T33: =G33/F33-1 -> 0.12861608 | U33: =H33/G33-1 -> 0.10988446 | W33: =J33/C33-1 -> -0.14590368 | X33: =K33/J33-1 -> 0.065005933 | Y33: =L33/K33-1 -> 0.11738794 | Z33: =M33/L33-1 -> 0.13425916 | AA33: =N33/M33-1 -> 0.1209833
B34: Australia | C34: 410 | D34: 385.73261 | E34: 402.45 | F34: 425.68228 | G34: 464.17295 | H34: 501.09324 | J34: 374.16063 | K34: 382.56897 | L34: 408.70011 | M34: 445.65523 | N34: 481.10262 | P34: =tbl_model!AP110 -> -0.050925926 | Q34: =D34/C34-1 -> -0.05918876 | R34: =E34/D34-1 -> 0.043339329 | S34: =F34/E34-1 -> 0.057727119 | T34: =G34/F34-1 -> 0.090421125 | U34: =H34/G34-1 -> 0.079539932 | W34: =J34/C34-1 -> -0.087413098 | X34: =K34/J34-1 -> 0.022472542 | Y34: =L34/K34-1 -> 0.06830439 | Z34: =M34/L34-1 -> 0.090421125 | AA34: =N34/M34-1 -> 0.079539932
B35: United Kingdom | C35: 599 | D35: 608.9988 | E35: 630.91674 | F35: 664.10523 | G35: 707.45063 | H35: 748.29401 | J35: 602.90881 | K35: 618.36149 | L35: 654.14398 | M35: 700.32342 | N35: 744.4591 | P35: =tbl_model!AP111 -> -0.049206349 | Q35: =D35/C35-1 -> 0.016692483 | R35: =E35/D35-1 -> 0.03599012 | S35: =F35/E35-1 -> 0.052603597 | T35: =G35/F35-1 -> 0.065268876 | U35: =H35/G35-1 -> 0.057733184 | W35: =J35/C35-1 -> 0.0065255584 | X35: =K35/J35-1 -> 0.025630219 | Y35: =L35/K35-1 -> 0.057866615 | Z35: =M35/L35-1 -> 0.070595221 | AA35: =N35/M35-1 -> 0.06302185
B36: Germany | C36: 384 | D36: 348.87323 | E36: 361.64332 | F36: 376.95728 | G36: 402.70382 | H36: 426.52984 | J36: 338.40704 | K36: 347.28608 | L36: 363.80204 | M36: 390.59331 | N36: 413.70282 | P36: =tbl_model!AP112 -> -0.098591549 | Q36: =D36/C36-1 -> -0.091475953 | R36: =E36/D36-1 -> 0.036603793 | S36: =F36/E36-1 -> 0.042345498 | T36: =G36/F36-1 -> 0.06830095 | U36: =H36/G36-1 -> 0.059165122 | W36: =J36/C36-1 -> -0.11873167 | X36: =K36/J36-1 -> 0.026237755 | Y36: =L36/K36-1 -> 0.047557225 | Z36: =M36/L36-1 -> 0.073642454 | AA36: =N36/M36-1 -> 0.059165122
B37: France | C37: 404 | D37: 348.71227 | E37: 362.03435 | F37: 381.45555 | G37: 408.32762 | H37: 437.51859 | J37: 333.02022 | K37: 340.55666 | L37: 361.33748 | M37: 388.33948 | N37: 417.34982 | P37: =tbl_model!AP113 -> -0.019417476 | Q37: =D37/C37-1 -> -0.13685081 | R37: =E37/D37-1 -> 0.038203635 | S37: =F37/E37-1 -> 0.053644634 | T37: =G37/F37-1 -> 0.070446144 | U37: =H37/G37-1 -> 0.071489092 | W37: =J37/C37-1 -> -0.17569253 | X37: =K37/J37-1 -> 0.022630581 | Y37: =L37/K37-1 -> 0.061020147 | Z37: =M37/L37-1 -> 0.074727928 | AA37: =N37/M37-1 -> 0.07470356
B38: Italy | C38: 187 | D38: 169.76221 | E38: 174.53833 | F38: 180.85266 | G38: 189.71573 | H38: 198.62869 | J38: 166.36697 | K38: 169.67918 | L38: 176.69681 | M38: 185.35622 | N38: 194.06436 | P38: =tbl_model!AP114 -> 0.050561798 | Q38: =D38/C38-1 -> -0.092180695 | R38: =E38/D38-1 -> 0.028134185 | S38: =F38/E38-1 -> 0.036177316 | T38: =G38/F38-1 -> 0.049007151 | U38: =H38/G38-1 -> 0.046980578 | W38: =J38/C38-1 -> -0.11033708 | X38: =K38/J38-1 -> 0.019909112 | Y38: =L38/K38-1 -> 0.041358203 | Z38: =M38/L38-1 -> 0.049007151 | AA38: =N38/M38-1 -> 0.046980578
B39: Nordics | C39: 150 | D39: 136.26192 | E39: 146.3963 | F39: 160.85851 | G39: 177.77765 | H39: 196.38338 | J39: 132.63237 | K39: 137.33152 | L39: 147.82026 | M39: 164.98407 | N39: 184.06095 | P39: =tbl_model!AP115 -> -0.20212766 | Q39: =D39/C39-1 -> -0.091587232 | R39: =E39/D39-1 -> 0.074374327 | S39: =F39/E39-1 -> 0.098788066 | T39: =G39/F39-1 -> 0.10518023 | U39: =H39/G39-1 -> 0.10465732 | W39: =J39/C39-1 -> -0.11578419 | X39: =K39/J39-1 -> 0.035429851 | Y39: =L39/K39-1 -> 0.076375396 | Z39: =M39/L39-1 -> 0.11611265 | AA39: =N39/M39-1 -> 0.11562865
B40: Brazil | C40: 147 | D40: 149.47296 | E40: 153.92037 | F40: 159.2131 | G40: 165.96798 | H40: 173.56 | J40: 145.73613 | K40: 148.57164 | L40: 154.44885 | M40: 161.00159 | N40: 168.36644 | P40: =tbl_model!AP116 -> -0.20540541 | Q40: =D40/C40-1 -> 0.016822829 | R40: =E40/D40-1 -> 0.029753997 | S40: =F40/E40-1 -> 0.034386137 | T40: =G40/F40-1 -> 0.042426635 | U40: =H40/G40-1 -> 0.045743925 | W40: =J40/C40-1 -> -0.0085977414 | X40: =K40/J40-1 -> 0.019456457 | Y40: =L40/K40-1 -> 0.039558067 | Z40: =M40/L40-1 -> 0.042426635 | AA40: =N40/M40-1 -> 0.045743925
... B46: Rest of World | C46: 2226.3313 | D46: 2173.0711 | E46: 2153.3526 | F46: 2196.4421 | G46: 2271.4323 | H46: 2353.5074 | J46: 2118.6958 | K46: 2029.533 | L46: 1951.2237 | M46: 2045.7709 | N46: 2126.1039 | P46: =tbl_model!AP122 -> -0.064363812 | Q46: =D46/C46-1 -> -0.023922874 | R46: =E46/D46-1 -> -0.0090739886 | S46: =F46/E46-1 -> 0.020010404 | T46: =G46/F46-1 -> 0.034141668 | U46: =H46/G46-1 -> 0.036133647 | W46: =J46/C46-1 -> -0.048346583 | X46: =K46/J46-1 -> -0.042083787 | Y46: =L46/K46-1 -> -0.038584925 | Z46: =M46/L46-1 -> 0.048455343 | AA46: =N46/M46-1 -> 0.039267855
